date,rain_mm,temp_c,et0_mm
2015-08-05,0.0,,
2015-08-06,0.0,,
2015-08-07,0.0,,
2015-08-08,15.0,,
2015-08-09,16.0,,
2015-08-10,0.0,,
2015-08-11,1.0,,
2015-08-12,3.0,,
2015-08-13,7.0,,
2015-08-14,9.0,,
2015-08-15,18.0,,
2015-08-16,24.0,,
2015-08-17,10.0,,
2015-08-18,2.0,,
2015-08-19,0.0,,
2015-08-20,1.0,,
2015-08-21,23.0,,
2015-08-22,0.0,,
2015-08-23,20.0,,
2015-08-24,17.0,,
2015-08-25,56.0,,
2015-08-26,14.0,,
2015-08-27,0.0,,
2015-08-28,3.0,,
2015-08-29,4.0,,
2015-08-30,0.0,,
2015-08-31,6.0,,
2015-09-01,4.0,,
2015-09-02,2.0,,
2015-09-03,23.0,,
2015-09-04,0.0,,
2015-09-05,80.0,,
2015-09-06,53.0,,
2015-09-07,26.0,,
2015-09-08,2.0,,
2015-09-09,12.0,,
2015-09-10,2.0,,
2015-09-11,0.0,,
2015-09-12,0.0,,
2015-09-13,8.0,,
2015-09-14,0.0,,
2015-09-15,1.0,,
2015-09-16,42.0,,
2015-09-17,0.0,,
2015-09-18,0.0,,
2015-09-19,0.0,,
2015-09-20,2.0,,
2015-09-21,73.0,,
2015-09-22,13.0,,
2015-09-23,11.0,,
2015-09-24,1.0,,
2015-09-25,32.0,,
2015-09-26,0.0,,
2015-09-27,0.0,,
2015-09-28,0.0,,
2015-09-29,6.0,,
2015-09-30,8.0,,
2015-10-01,4.0,,
2015-10-02,0.0,,
2015-10-03,0.0,,
2015-10-04,0.0,,
2015-10-05,1.0,,
2015-10-06,20.0,,
2015-10-07,21.0,,
2015-10-08,1.0,,
2015-10-09,13.0,,
2015-10-10,25.0,,
2015-10-11,6.0,,
2015-10-12,0.0,,
2015-10-13,3.0,,
2015-10-14,0.0,,
2015-10-15,32.0,,
2015-10-16,16.0,,
2015-10-17,0.0,,
2015-10-18,0.0,,
2015-10-19,0.0,,
2015-10-20,0.0,,
2015-10-21,2.0,,
2015-10-22,24.0,,
2015-10-23,16.0,,
2015-10-24,22.0,,
2015-10-25,54.0,,
2015-10-26,0.0,,
2015-10-27,0.0,,
2015-10-28,3.0,,
2015-10-29,0.0,,
2015-10-30,2.0,,
2015-10-31,33.0,,
2015-11-01,33.0,,
2015-11-02,4.0,,
2015-11-03,44.0,,
2015-11-04,0.0,,
2015-11-05,0.0,,
2015-11-06,3.0,,
2015-11-07,0.0,,
2015-11-08,10.0,,
2015-11-09,2.0,,
2015-11-10,3.0,,
2015-11-11,0.0,,
2015-11-12,0.0,,
2015-11-13,0.0,,
2015-11-14,19.0,,
2015-11-15,14.0,,
2015-11-16,9.0,,
2015-11-17,20.0,,
2015-11-18,0.0,,
2015-11-19,28.0,,
2015-11-20,0.0,,
2015-11-21,0.0,,
2015-11-22,57.0,,
2015-11-23,1.0,,
2015-11-24,36.0,,
2015-11-25,7.0,,
2015-11-26,0.0,,
2015-11-27,0.0,,
2015-11-28,0.0,,
2015-11-29,0.0,,
2015-11-30,3.0,,
2015-12-01,2.0,,
2015-12-02,0.0,,
2015-12-03,5.0,,
2015-12-04,5.0,,
2015-12-05,3.0,,
2015-12-06,0.0,,
2015-12-07,0.0,,
2015-12-08,4.0,,
2015-12-09,1.0,,
2015-12-10,14.0,,
2015-12-11,0.0,,
2015-12-12,2.0,,
2015-12-13,0.0,,
2015-12-14,0.0,,
2015-12-15,0.0,,
2015-12-16,0.0,,
2015-12-17,0.0,,
2015-12-18,14.0,,
2015-12-19,11.0,,
2015-12-20,0.0,,
2015-12-21,0.0,,
2015-12-22,0.0,,
2015-12-23,0.0,,
2015-12-24,0.0,,
2015-12-25,0.0,,
2015-12-26,0.0,,
2015-12-27,0.0,,
2015-12-28,0.0,,
2015-12-29,0.0,,
2015-12-30,0.0,,
2015-12-31,0.0,,
2016-01-01,0.0,,
2016-01-02,0.0,,
2016-01-03,1.0,,
2016-01-04,0.0,,
2016-01-05,0.0,,
2016-01-06,0.0,,
2016-01-07,1.0,,
2016-01-08,0.0,,
2016-01-09,0.0,,
2016-01-10,0.0,,
2016-01-11,0.0,,
2016-01-12,1.0,,
2016-01-13,1.0,,
2016-01-14,0.0,,
2016-01-15,4.0,,
2016-01-16,0.0,,
2016-01-17,0.0,,
2016-01-18,0.0,,
2016-01-19,0.0,,
2016-01-20,6.0,,
2016-01-21,1.0,,
2016-01-22,0.0,,
2016-01-23,0.0,,
2016-01-24,2.0,,
2016-01-25,0.0,,
2016-01-26,0.0,,
2016-01-27,0.0,,
2016-01-28,0.0,,
2016-01-29,0.0,,
2016-01-30,0.0,,
2016-01-31,0.0,,
2016-02-01,0.0,,
2016-02-02,0.0,,
2016-02-03,0.0,,
2016-02-04,0.0,,
2016-02-05,0.0,,
2016-02-06,0.0,,
2016-02-07,0.0,,
2016-02-08,6.0,,
2016-02-09,0.0,,
2016-02-10,1.0,,
2016-02-11,0.0,,
2016-02-12,4.0,,
2016-02-13,0.0,,
2016-02-14,4.0,,
2016-02-15,0.0,,
2016-02-16,1.0,,
2016-02-17,0.0,,
2016-02-18,2.0,,
2016-02-19,1.0,,
2016-02-20,0.0,,
2016-02-21,1.0,,
2016-02-22,0.0,,
2016-02-23,0.0,,
2016-02-24,0.0,,
2016-02-25,0.0,,
2016-02-26,0.0,,
2016-02-27,0.0,,
2016-02-28,3.0,,
2016-02-29,0.0,,
2016-03-01,0.0,,
2016-03-02,0.0,,
2016-03-03,0.0,,
2016-03-04,3.0,,
2016-03-05,0.0,,
2016-03-06,0.0,,
2016-03-07,0.0,,
2016-03-08,0.0,,
2016-03-09,0.0,,
2016-03-10,0.0,,
2016-03-11,0.0,,
2016-03-12,0.0,,
2016-03-13,0.0,,
2016-03-14,0.0,,
2016-03-15,0.0,,
2016-03-16,1.0,,
2016-03-17,0.0,,
2016-03-18,0.0,,
2016-03-19,0.0,,
2016-03-20,0.0,,
2016-03-21,0.0,,
2016-03-22,0.0,,
2016-03-23,0.0,,
2016-03-24,0.0,,
2016-03-25,0.0,,
2016-03-26,0.0,,
2016-03-27,0.0,,
2016-03-28,0.0,,
2016-03-29,0.0,,
2016-03-30,0.0,,
2016-03-31,0.0,,
2016-04-01,0.0,,
2016-04-02,0.0,,
2016-04-03,0.0,,
2016-04-04,0.0,,
2016-04-05,0.0,,
2016-04-06,0.0,,
2016-04-07,0.0,,
2016-04-08,0.0,,
2016-04-09,0.0,,
2016-04-10,5.0,,
2016-04-11,0.0,,
2016-04-12,0.0,,
2016-04-13,0.0,,
2016-04-14,0.0,,
2016-04-15,0.0,,
2016-04-16,0.0,,
2016-04-17,0.0,,
2016-04-18,0.0,,
2016-04-19,0.0,,
2016-04-20,0.0,,
2016-04-21,0.0,,
2016-04-22,0.0,,
2016-04-23,3.0,,
2016-04-24,4.0,,
2016-04-25,0.0,,
2016-04-26,1.0,,
2016-04-27,0.0,,
2016-04-28,0.0,,
2016-04-29,0.0,,
2016-04-30,0.0,,
2016-05-01,0.0,,
2016-05-02,0.0,,
2016-05-03,0.0,,
2016-05-04,0.0,,
2016-05-05,0.0,,
2016-05-06,0.0,,
2016-05-07,1.0,,
2016-05-08,2.0,,
2016-05-09,0.0,,
2016-05-10,13.0,,
2016-05-11,0.0,,
2016-05-12,0.0,,
2016-05-13,0.0,,
2016-05-14,3.0,,
2016-05-15,3.0,,
2016-05-16,2.0,,
2016-05-17,1.0,,
2016-05-18,0.0,,
2016-05-19,2.0,,
2016-05-20,1.0,,
2016-05-21,0.0,,
2016-05-22,1.0,,
2016-05-23,4.0,,
2016-05-24,4.0,,
2016-05-25,3.0,,
2016-05-26,12.0,,
2016-05-27,12.0,,
2016-05-28,4.0,,
2016-05-29,1.0,,
2016-05-30,0.0,,
2016-05-31,0.0,,
2016-06-01,12.0,,
2016-06-02,11.0,,
2016-06-03,8.0,,
2016-06-04,0.0,,
2016-06-05,0.0,,
2016-06-06,4.0,,
2016-06-07,13.0,,
2016-06-08,17.0,,
2016-06-09,4.0,,
2016-06-10,0.0,,
2016-06-11,0.0,,
2016-06-12,9.0,,
2016-06-13,0.0,,
2016-06-14,22.0,,
2016-06-15,0.0,,
2016-06-16,18.0,,
2016-06-17,22.0,,
2016-06-18,3.0,,
2016-06-19,13.0,,
2016-06-20,1.0,,
2016-06-21,31.0,,
2016-06-22,0.0,,
2016-06-23,25.0,,
2016-06-24,5.0,,
2016-06-25,0.0,,
2016-06-26,4.0,,
2016-06-27,2.0,,
2016-06-28,0.0,,
2016-06-29,0.0,,
2016-06-30,26.0,,
2016-07-01,4.0,,
2016-07-02,4.0,,
2016-07-03,59.0,,
2016-07-04,15.0,,
2016-07-05,3.0,,
2016-07-06,6.0,,
2016-07-07,0.0,,
2016-07-08,0.0,,
2016-07-09,1.0,,
2016-07-10,0.0,,
2016-07-11,0.0,,
2016-07-12,19.0,,
2016-07-13,5.0,,
2016-07-14,9.0,,
2016-07-15,12.0,,
2016-07-16,48.0,,
2016-07-17,6.0,,
2016-07-18,2.0,,
2016-07-19,0.0,,
2016-07-20,0.0,,
2016-07-21,22.0,,
2016-07-22,0.0,,
2016-07-23,6.0,,
2016-07-24,4.0,,
2016-07-25,11.0,,
2016-07-26,0.0,,
2016-07-27,0.0,,
2016-07-28,0.0,,
2016-07-29,41.0,,
2016-07-30,24.0,,
2016-07-31,0.0,,
2016-08-01,1.0,,
2016-08-02,0.0,,
2016-08-03,0.0,,
2016-08-04,0.0,,
2016-08-05,0.0,,
2016-08-06,1.0,,
2016-08-07,5.0,,
2016-08-08,0.0,,
2016-08-09,2.0,,
2016-08-10,2.0,,
2016-08-11,2.0,,
2016-08-12,8.0,,
2016-08-13,1.0,,
2016-08-14,40.0,,
2016-08-15,0.0,,
2016-08-16,0.0,,
2016-08-17,10.0,,
2016-08-18,0.0,,
2016-08-19,17.0,,
2016-08-20,8.0,,
2016-08-21,0.0,,
2016-08-22,8.0,,
2016-08-23,1.0,,
2016-08-24,1.0,,
2016-08-25,8.0,,
2016-08-26,0.0,,
2016-08-27,0.0,,
2016-08-28,0.0,,
2016-08-29,1.0,,
2016-08-30,0.0,,
2016-08-31,0.0,,
2016-09-01,0.0,,
2016-09-02,27.0,,
2016-09-03,1.0,,
2016-09-04,3.0,,
2016-09-05,12.0,,
2016-09-06,6.0,,
2016-09-07,4.0,,
2016-09-08,6.0,,
2016-09-09,4.0,,
2016-09-10,20.0,,
2016-09-11,18.0,,
2016-09-12,38.0,,
2016-09-13,0.0,,
2016-09-14,0.0,,
2016-09-15,1.0,,
2016-09-16,0.0,,
2016-09-17,16.0,,
2016-09-18,0.0,,
2016-09-19,12.0,,
2016-09-20,0.0,,
2016-09-21,33.0,,
2016-09-22,0.0,,
2016-09-23,0.0,,
2016-09-24,26.0,,
2016-09-25,1.0,,
2016-09-26,0.0,,
2016-09-27,2.0,,
2016-09-28,53.0,,
2016-09-29,14.0,,
2016-09-30,67.0,,
2016-10-01,23.0,,
2016-10-02,0.0,,
2016-10-03,0.0,,
2016-10-04,0.0,,
2016-10-05,0.0,,
2016-10-06,41.0,,
2016-10-07,13.0,,
2016-10-08,1.0,,
2016-10-09,1.0,,
2016-10-10,25.0,,
2016-10-11,4.0,,
2016-10-12,46.0,,
2016-10-13,0.0,,
2016-10-14,0.0,,
2016-10-15,2.0,,
2016-10-16,5.0,,
2016-10-17,24.0,,
2016-10-18,1.0,,
2016-10-19,0.0,,
2016-10-20,0.0,,
2016-10-21,12.0,,
2016-10-22,30.0,,
2016-10-23,4.0,,
2016-10-24,10.0,,
2016-10-25,0.0,,
2016-10-26,0.0,,
2016-10-27,3.0,,
2016-10-28,0.0,,
2016-10-29,0.0,,
2016-10-30,15.0,,
2016-10-31,15.0,,
2016-11-01,15.0,,
2016-11-02,4.0,,
2016-11-03,54.0,,
2016-11-04,10.0,,
2016-11-05,7.0,,
2016-11-06,49.0,,
2016-11-07,88.0,,
2016-11-08,0.0,,
2016-11-09,0.0,,
2016-11-10,16.0,,
2016-11-11,92.0,,
2016-11-12,7.0,,
2016-11-13,0.0,,
2016-11-14,2.0,,
2016-11-15,17.0,,
2016-11-16,21.0,,
2016-11-17,5.0,,
2016-11-18,3.0,,
2016-11-19,19.0,,
2016-11-20,106.0,,
2016-11-21,144.0,,
2016-11-22,105.0,,
2016-11-23,5.0,,
2016-11-24,0.0,,
2016-11-25,0.0,,
2016-11-26,45.0,,
2016-11-27,17.0,,
2016-11-28,50.0,,
2016-11-29,13.0,,
2016-11-30,15.0,,
2016-12-01,26.0,,
2016-12-02,1.0,,
2016-12-03,0.0,,
2016-12-04,0.0,,
2016-12-05,3.0,,
2016-12-06,9.0,,
2016-12-07,18.0,,
2016-12-08,3.0,,
2016-12-09,63.0,,
2016-12-10,16.0,,
2016-12-11,3.0,,
2016-12-12,1.0,,
2016-12-13,21.0,,
2016-12-14,0.0,,
2016-12-15,6.0,,
2016-12-16,0.0,,
2016-12-17,0.0,,
2016-12-18,0.0,,
2016-12-22,2.0,,
2016-12-23,8.0,,
2016-12-24,0.0,,
2017-01-05,0.0,,
2017-01-06,0.0,,
2017-01-07,0.0,,
2017-01-08,0.0,,
2017-01-09,2.0,,
2017-01-10,6.0,,
2017-01-11,1.0,,
2017-01-12,0.0,,
2017-01-13,0.0,,
2017-01-14,0.0,,
2017-01-15,0.0,,
2017-01-16,0.0,,
2017-01-17,0.0,,
2017-01-18,1.0,,
2017-01-19,0.0,,
2017-01-20,0.0,,
2017-01-21,0.0,,
2017-01-22,0.0,,
2017-01-23,0.0,,
2017-01-24,0.0,,
2017-01-25,0.0,,
2017-01-26,0.0,,
2017-01-27,1.0,,
2017-01-28,0.0,,
2017-01-29,0.0,,
2017-01-30,1.0,,
2017-01-31,12.0,,
2017-02-01,0.0,,
2017-02-02,0.0,,
2017-02-03,1.0,,
2017-02-04,0.0,,
2017-02-05,0.0,,
2017-02-06,0.0,,
2017-02-07,0.0,,
2017-02-08,1.0,,
2017-02-09,2.0,,
2017-02-10,0.0,,
2017-02-11,4.0,,
2017-02-12,0.0,,
2017-02-15,0.0,,
2017-02-16,0.0,,
2017-02-17,0.0,,
2017-02-18,0.0,,
2017-02-19,0.0,,
2017-02-20,0.0,,
2017-02-21,0.0,,
2017-02-22,0.0,,
2017-02-23,0.0,,
2017-02-24,0.0,,
2017-02-25,0.0,,
2017-02-26,0.0,,
2017-02-27,0.0,,
2017-02-28,0.0,,
2017-03-01,0.0,,
2017-03-02,0.0,,
2017-03-03,1.0,,
2017-03-04,1.0,,
2017-03-05,7.0,,
2017-03-06,0.0,,
2017-03-07,2.0,,
2017-03-08,1.0,,
2017-03-11,4.0,,
2017-03-14,0.0,,
2017-03-15,0.0,,
2017-03-16,0.0,,
2017-03-17,2.0,,
2017-03-20,8.0,,
2017-03-21,0.0,,
2017-03-22,0.0,,
2017-03-23,0.0,,
2017-03-24,0.0,,
2017-03-25,9.0,,
2017-03-26,0.0,,
2017-03-27,1.0,,
2017-03-28,0.0,,
2017-03-29,0.0,,
2017-03-30,0.0,,
2017-03-31,0.0,,
2017-04-01,10.0,,
2017-04-02,0.0,,
2017-04-03,0.0,,
2017-04-04,0.0,,
2017-04-05,0.0,,
2017-04-06,0.0,,
2017-04-07,0.0,,
2017-04-08,0.0,,
2017-04-09,0.0,,
2017-04-10,0.0,,
2017-04-11,0.0,,
2017-04-12,0.0,,
2017-04-13,0.0,,
2017-04-16,1.0,,
2017-04-17,6.0,,
2017-04-18,0.0,,
2017-04-19,3.0,,
2017-04-20,0.0,,
2017-04-21,0.0,,
2017-04-22,0.0,,
2017-04-23,0.0,,
2017-04-24,0.0,,
2017-04-25,0.0,,
2017-04-26,2.0,,
2017-04-27,0.0,,
2017-04-28,0.0,,
2017-04-29,0.0,,
2017-04-30,10.0,,
2017-05-01,4.0,,
2017-05-02,0.0,,
2017-05-03,1.0,,
2017-05-04,1.0,,
2017-05-05,2.0,,
2017-05-06,6.0,,
2017-05-07,31.0,,
2017-05-08,41.0,,
2017-05-09,3.0,,
2017-05-10,28.0,,
2017-05-11,9.0,,
2017-05-12,37.0,,
2017-05-13,0.0,,
2017-05-14,0.0,,
2017-05-15,0.0,,
2017-05-16,11.0,,
2017-05-17,1.0,,
2017-05-18,1.0,,
2017-05-19,0.0,,
2017-05-20,33.0,,
2017-05-21,6.0,,
2017-05-22,7.0,,
2017-05-23,0.0,,
2017-05-24,0.0,,
2017-05-25,31.0,,
2017-05-26,42.0,,
2017-05-27,2.0,,
2017-05-28,31.0,,
2017-05-29,1.0,,
2017-05-30,5.0,,
2017-05-31,18.0,,
2017-06-04,19.0,,
2017-06-05,15.0,,
2017-06-06,0.0,,
2017-06-07,1.0,,
2017-06-08,0.0,,
2017-06-09,68.0,,
2017-06-10,0.0,,
2017-06-11,20.0,,
2017-06-12,0.0,,
2017-06-13,3.0,,
2017-06-14,0.0,,
2017-06-15,16.0,,
2017-06-16,6.0,,
2017-06-17,0.0,,
2017-06-18,0.0,,
2017-06-19,4.0,,
2017-06-20,0.0,,
2017-06-21,66.0,,
2017-06-22,0.0,,
2017-06-23,4.0,,
2017-06-24,7.0,,
2017-06-25,0.0,,
2017-06-26,3.0,,
2017-06-27,0.0,,
2017-06-28,1.0,,
2017-06-29,0.0,,
2017-06-30,0.0,,
2017-07-01,0.0,,
2017-07-02,30.0,,
2017-07-03,18.0,,
2017-07-04,0.0,,
2017-07-05,0.0,,
2017-07-06,0.0,,
2017-07-07,1.0,,
2017-07-08,24.0,,
2017-07-09,0.0,,
2017-07-10,6.0,,
2017-07-11,73.0,,
2017-07-12,0.0,,
2017-07-13,57.0,,
2017-07-14,3.0,,
2017-07-19,4.0,,
2017-07-20,0.0,,
2017-07-25,18.0,,
2017-07-26,2.0,,
2017-07-27,0.0,,
2017-07-28,10.0,,
2017-07-31,1.0,,
2017-08-01,1.0,,
2017-08-02,19.0,,
2017-08-03,1.0,,
2017-08-06,1.0,,
2017-08-07,0.0,,
2017-08-08,3.0,,
2017-08-09,20.0,,
2017-08-10,15.0,,
2017-08-11,5.0,,
2017-08-14,5.0,,
2017-08-15,18.0,,
2017-08-16,0.0,,
2017-08-17,3.0,,
2017-08-18,2.0,,
2017-08-19,14.0,,
2017-08-20,5.0,,
2017-08-21,0.0,,
2017-08-22,0.0,,
2017-08-23,32.0,,
2017-08-24,0.0,,
2017-08-25,11.0,,
2017-08-26,0.0,,
2017-08-27,14.0,,
2017-08-28,51.0,,
2017-08-29,0.0,,
2017-08-30,2.0,,
2017-08-31,0.0,,
2017-09-01,0.0,,
2017-09-02,17.0,,
2017-09-03,4.0,,
2017-09-04,0.0,,
2017-09-05,1.0,,
2017-09-06,48.0,,
2017-09-07,2.0,,
2017-09-08,3.0,,
2017-09-09,6.0,,
2017-09-10,8.0,,
2017-09-11,10.0,,
2017-09-12,6.0,,
2017-09-13,3.0,,
2017-09-14,9.0,,
2017-09-15,8.0,,
2017-09-16,6.0,,
2017-09-17,3.0,,
2017-09-18,2.0,,
2017-09-19,1.0,,
2017-09-20,33.0,,
2017-09-23,25.0,,
2017-09-24,0.0,,
2017-09-25,0.0,,
2017-09-26,0.0,,
2017-09-27,0.0,,
2017-09-28,2.0,,
2017-09-29,0.0,,
2017-10-02,0.0,,
2017-10-03,26.0,,
2017-10-04,0.0,,
2017-10-05,0.0,,
2017-10-06,0.0,,
2017-10-07,0.0,,
2017-10-08,1.0,,
2017-10-09,4.0,,
2017-10-10,0.0,,
2017-10-11,10.0,,
2017-10-12,13.0,,
2017-10-13,7.0,,
2017-10-14,2.0,,
2017-10-15,0.0,,
2017-10-16,26.0,,
2017-10-17,46.0,,
2017-10-18,22.0,,
2017-10-19,36.0,,
2017-10-20,16.0,,
2017-10-21,0.0,,
2017-10-22,5.0,,
2017-10-23,1.0,,
2017-10-24,2.0,,
2017-10-25,0.0,,
2017-10-26,0.0,,
2017-10-27,0.0,,
2017-10-28,8.0,,
2017-10-29,0.0,,
2017-10-30,2.0,,
2017-10-31,33.0,,
2017-11-01,10.0,,
2017-11-02,10.0,,
2017-11-03,4.0,,
2017-11-04,23.0,,
2017-11-05,16.0,,
2017-11-06,43.0,,
2017-11-07,34.0,,
2017-11-08,11.0,,
2017-11-09,14.0,,
2017-11-10,21.0,,
2017-11-13,73.0,,
2017-11-14,10.0,,
2017-11-15,2.0,,
2017-11-16,84.0,,
2017-11-17,90.0,,
2017-11-18,25.0,,
2017-11-19,3.0,,
2017-11-20,0.0,,
2017-11-21,1.0,,
2017-11-22,1.0,,
2017-11-23,3.0,,
2017-11-24,16.0,,
2017-11-25,1.0,,
2017-11-26,57.0,,
2017-11-27,60.0,,
2017-11-28,0.0,,
2017-11-29,8.0,,
2017-11-30,27.0,,
2017-12-01,48.0,,
2017-12-02,17.0,,
2017-12-03,88.0,,
2017-12-04,9.0,,
2017-12-05,5.0,,
2017-12-06,3.0,,
2017-12-07,1.0,,
2017-12-08,25.0,,
2017-12-09,0.0,,
2017-12-10,42.0,,
2017-12-11,0.0,,
2017-12-12,65.0,,
2017-12-13,34.0,,
2017-12-14,30.0,,
2017-12-15,2.0,,
2017-12-16,0.0,,
2017-12-17,1.0,,
2017-12-18,0.0,,
2017-12-19,0.0,,
2017-12-20,0.0,,
2017-12-23,0.0,,
2017-12-24,0.0,,
2017-12-25,0.0,,
2017-12-26,11.0,,
2017-12-27,14.0,,
2017-12-28,1.0,,
2017-12-29,35.0,,
2017-12-30,28.0,,
2017-12-31,0.0,,
2018-01-01,18.0,,
2018-01-02,33.0,,
2018-01-03,21.0,,
2018-01-04,31.0,,
2018-01-05,82.0,,
2018-01-06,67.0,,
2018-01-07,82.0,,
2018-01-08,2.0,,
2018-01-09,33.0,,
2018-01-10,14.0,,
2018-01-11,0.0,,
2018-01-12,0.0,,
2018-01-13,23.0,,
2018-01-14,10.0,,
2018-01-15,16.0,,
2018-01-16,17.0,,
2018-01-17,3.0,,
2018-01-18,77.0,,
2018-01-19,7.0,,
2018-01-20,0.0,,
2018-01-21,0.0,,
2018-01-22,2.0,,
2018-01-23,0.0,,
2018-01-24,0.0,,
2018-01-25,0.0,,
2018-01-26,0.0,,
2018-01-27,0.0,,
2018-01-28,0.0,,
2018-01-29,0.0,,
2018-01-30,0.0,,
2018-01-31,3.0,,
2018-02-01,0.0,,
2018-02-02,0.0,,
2018-02-03,5.0,,
2018-02-04,1.0,,
2018-02-05,0.0,,
2018-02-06,0.0,,
2018-02-07,0.0,,
2018-02-08,0.0,,
2018-02-09,0.0,,
2018-02-10,0.0,,
2018-02-11,0.0,,
2018-02-12,0.0,,
2018-02-13,0.0,,
2018-02-14,1.0,,
2018-02-15,0.0,,
2018-02-16,0.0,,
2018-02-17,0.0,,
2018-02-18,0.0,,
2018-02-19,0.0,,
2018-02-20,0.0,,
2018-02-21,0.0,,
2018-02-22,0.0,,
2018-02-23,0.0,,
2018-02-24,0.0,,
2018-02-25,0.0,,
2018-02-26,0.0,,
2018-02-27,0.0,,
2018-02-28,0.0,,
2018-03-01,2.0,,
2018-03-02,0.0,,
2018-03-03,0.0,,
2018-03-04,0.0,,
2018-03-05,0.0,,
2018-03-06,0.0,,
2018-03-07,3.0,,
2018-03-08,0.0,,
2018-03-09,1.0,,
2018-03-10,0.0,,
2018-03-11,0.0,,
2018-03-12,0.0,,
2018-03-13,0.0,,
2018-03-14,0.0,,
2018-03-15,0.0,,
2018-03-16,0.0,,
2018-03-17,2.0,,
2018-03-18,1.0,,
2018-03-19,0.0,,
2018-03-20,0.0,,
2018-03-21,0.0,,
2018-03-22,1.0,,
2018-03-23,29.0,,
2018-03-24,6.0,,
2018-03-25,0.0,,
2018-03-26,0.0,,
2018-03-27,1.0,,
2018-03-28,4.0,,
2018-03-29,6.0,,
2018-03-30,0.0,,
2018-03-31,0.0,,
2018-04-01,0.0,,
2018-04-02,0.0,,
2018-04-03,0.0,,
2018-04-04,2.0,,
2018-04-05,0.0,,
2018-04-06,0.0,,
2018-04-07,0.0,,
2018-04-08,1.0,,
2018-04-09,0.0,,
2018-04-10,31.0,,
2018-04-11,4.0,,
2018-04-12,0.0,,
2018-04-19,0.0,,
2018-04-20,0.0,,
2018-04-21,0.0,,
2018-04-22,0.0,,
2018-04-23,1.0,,
2018-04-24,3.0,,
2018-04-25,0.0,,
2018-04-26,1.0,,
2018-04-27,2.0,,
2018-04-28,0.0,,
2018-04-29,0.0,,
2018-04-30,0.0,,
2018-05-03,41.0,,
2018-05-04,51.0,,
2018-05-05,12.0,,
2018-05-06,10.0,,
2018-05-07,25.0,,
2018-05-08,30.0,,
2018-05-09,0.0,,
2018-05-10,11.0,,
2018-05-11,0.0,,
2018-05-12,3.0,,
2018-05-13,48.0,,
2018-05-14,1.0,,
2018-05-15,0.0,,
2018-05-16,1.0,,
2018-05-17,0.0,,
2018-05-18,1.0,,
2018-05-19,0.0,,
2018-05-20,0.0,,
2018-05-21,8.0,,
2018-05-22,0.0,,
2018-05-23,0.0,,
2018-05-24,24.0,,
2018-05-25,0.0,,
2018-05-26,0.0,,
2018-05-27,0.0,,
2018-05-28,0.0,,
2018-05-29,2.0,,
2018-05-30,0.0,,
2018-05-31,0.0,,
2018-06-01,41.0,,
2018-06-02,7.0,,
2018-06-03,0.0,,
2018-06-04,8.0,,
2018-06-05,23.0,,
2018-06-06,0.0,,
2018-06-07,12.0,,
2018-06-08,139.0,,
2018-06-09,4.0,,
2018-06-10,24.0,,
2018-06-11,1.0,,
2018-06-12,0.0,,
2018-06-13,0.0,,
2018-06-14,8.0,,
2018-06-15,1.0,,
2018-06-16,0.0,,
2018-06-17,29.0,,
2018-06-18,27.0,,
2018-06-19,40.0,,
2018-06-20,0.0,,
2018-06-21,0.0,,
2018-06-22,0.0,,
2018-06-23,17.0,,
2018-06-24,26.0,,
2018-06-25,0.0,,
2018-06-26,17.0,,
2018-06-27,21.0,,
2018-06-28,19.0,,
2018-06-29,1.0,,
2018-06-30,0.0,,
2018-07-01,100.0,,
2018-07-02,65.0,,
2018-07-03,1.0,,
2018-07-04,0.0,,
2018-07-05,0.0,,
2018-07-06,9.0,,
2018-07-07,4.0,,
2018-07-08,0.0,,
2018-07-09,0.0,,
2018-07-10,4.0,,
2018-07-11,26.0,,
2018-07-12,4.0,,
2018-07-13,11.0,,
2018-07-14,1.0,,
2018-07-15,0.0,,
2018-07-16,9.0,,
2018-07-17,20.0,,
2018-07-18,0.0,,
2018-07-19,0.0,,
2018-07-20,3.0,,
2018-07-21,4.0,,
2018-07-22,30.0,,
2018-07-23,13.0,,
2018-07-24,14.0,,
2018-07-25,10.0,,
2018-07-26,17.0,,
2018-07-27,0.0,,
2018-07-28,4.0,,
2018-07-29,6.0,,
2018-07-30,31.0,,
2018-07-31,5.0,,
2018-08-01,1.0,,
2018-08-02,0.0,,
2018-08-03,4.0,,
2018-08-04,6.0,,
2018-08-05,1.0,,
2018-08-06,6.0,,
2018-08-07,6.0,,
2018-08-08,1.0,,
2018-08-09,72.0,,
2018-08-10,0.0,,
2018-08-11,1.0,,
2018-08-12,0.0,,
2018-08-13,21.0,,
2018-08-14,5.0,,
2018-08-15,15.0,,
2018-08-16,0.0,,
2018-08-17,0.0,,
2018-08-20,1.0,,
2018-08-21,0.0,,
2018-08-22,14.0,,
2018-08-23,15.0,,
2018-08-26,9.0,,
2018-08-27,0.0,,
2018-08-30,2.0,,
2018-08-31,0.0,,
2018-09-01,7.0,,
2018-09-02,0.0,,
2018-09-03,5.0,,
2018-09-04,10.0,,
2018-09-05,0.0,,
2018-09-06,15.0,,
2018-09-07,25.0,,
2018-09-08,38.0,,
2018-09-09,0.0,,
2018-09-10,0.0,,
2018-09-11,0.0,,
2018-09-12,0.0,,
2018-09-13,15.0,,
2018-09-14,11.0,,
2018-09-15,68.0,,
2018-09-16,19.0,,
2018-09-17,4.0,,
2018-09-18,1.0,,
2018-09-19,28.0,,
2018-09-20,1.0,,
2018-09-21,1.0,,
2018-09-22,13.0,,
2018-09-23,12.0,,
2018-09-24,40.0,,
2018-09-25,8.0,,
2018-09-26,51.0,,
2018-09-27,48.0,,
2018-09-28,15.0,,
2018-09-29,14.0,,
2018-09-30,1.0,,
2018-10-01,25.0,,
2018-10-02,9.0,,
2018-10-03,1.0,,
2018-10-04,0.0,,
2018-10-05,0.0,,
2018-10-06,0.0,,
2018-10-07,0.0,,
2018-10-08,0.0,,
2018-10-09,9.0,,
2018-10-10,0.0,,
2018-10-11,11.0,,
2018-10-12,21.0,,
2018-10-13,2.0,,
2018-10-14,14.0,,
2018-10-15,0.0,,
2018-10-16,0.0,,
2018-10-17,1.0,,
2018-10-18,2.0,,
2018-10-19,11.0,,
2018-10-20,4.0,,
2018-10-21,15.0,,
2018-10-22,41.0,,
2018-10-23,3.0,,
2018-10-24,10.0,,
2018-10-25,22.0,,
2018-10-26,5.0,,
2018-10-27,20.0,,
2018-10-28,21.0,,
2018-10-29,1.0,,
2018-10-30,11.0,,
2018-10-31,36.0,,
2018-11-01,45.0,,
2018-11-02,15.0,,
2018-11-03,13.0,,
2018-11-04,13.0,,
2018-11-05,2.0,,
2018-11-06,1.0,,
2018-11-07,11.0,,
2018-11-08,3.0,,
2018-11-09,40.0,,
2018-11-10,34.0,,
2018-11-11,5.0,,
2018-11-12,1.0,,
2018-11-13,6.0,,
2018-11-14,19.0,,
2018-11-15,59.0,,
2018-11-16,11.0,,
2018-11-17,6.0,,
2018-11-18,40.0,,
2018-11-19,6.0,,
2018-11-20,8.0,,
2018-11-21,23.0,,
2018-11-22,5.0,,
2018-11-23,0.0,,
2018-11-24,9.0,,
2018-11-25,5.0,,
2018-11-26,0.0,,
2018-11-27,0.0,,
2018-11-28,0.0,,
2018-11-29,0.0,,
2018-11-30,0.0,,
2018-12-01,12.0,,
2018-12-02,0.0,,
2018-12-03,1.0,,
2018-12-04,0.0,,
2018-12-05,0.0,,
2018-12-06,0.0,,
2018-12-07,0.0,,
2018-12-08,0.0,,
2018-12-09,0.0,,
2018-12-10,2.0,,
2018-12-11,0.0,,
2018-12-12,2.0,,
2018-12-13,0.0,,
2018-12-14,4.0,,
2018-12-15,0.0,,
2018-12-16,0.0,,
2018-12-17,0.0,,
2018-12-18,0.0,,
2018-12-19,1.0,,
2018-12-20,0.0,,
2018-12-21,2.0,,
2018-12-22,3.0,,
2018-12-23,0.0,,
2018-12-24,0.0,,
2018-12-25,0.0,,
2018-12-26,0.0,,
2018-12-27,0.0,,
2018-12-28,0.0,,
2018-12-29,0.0,,
2018-12-30,0.0,,
2018-12-31,0.0,,
2019-01-01,0.0,,
2019-01-02,0.0,,
2019-01-03,0.0,,
2019-01-04,0.0,,
2019-01-05,0.0,,
2019-01-06,0.0,,
2019-01-07,0.0,,
2019-01-08,2.0,,
2019-01-09,5.0,,
2019-01-10,5.0,,
2019-01-11,6.0,,
2019-01-12,1.0,,
2019-01-13,3.0,,
2019-01-14,0.0,,
2019-01-15,0.0,,
2019-01-16,1.0,,
2019-01-17,5.0,,
2019-01-18,0.0,,
2019-01-19,0.0,,
2019-01-20,0.0,,
2019-01-21,0.0,,
2019-01-22,0.0,,
2019-01-23,0.0,,
2019-01-24,0.0,,
2019-01-25,0.0,,
2019-01-26,0.0,,
2019-01-27,0.0,,
2019-01-28,2.0,,
2019-01-29,1.0,,
2019-01-30,0.0,,
2019-01-31,0.0,,
2019-02-01,0.0,,
2019-02-02,0.0,,
2019-02-03,0.0,,
2019-02-04,0.0,,
2019-02-05,0.0,,
2019-02-06,0.0,,
2019-02-07,0.0,,
2019-02-08,2.0,,
2019-02-09,3.0,,
2019-02-10,1.0,,
2019-02-11,0.0,,
2019-02-12,0.0,,
2019-02-13,0.0,,
2019-02-14,0.0,,
2019-02-15,0.0,,
2019-02-16,0.0,,
2019-02-17,1.0,,
2019-02-18,0.0,,
2019-02-19,0.0,,
2019-02-20,0.0,,
2019-02-21,0.0,,
2019-02-22,0.0,,
2019-02-23,0.0,,
2019-02-24,0.0,,
2019-02-25,0.0,,
2019-02-26,0.0,,
2019-02-27,0.0,,
2019-02-28,0.0,,
2019-03-01,1.0,,
2019-03-02,0.0,,
2019-03-03,0.0,,
2019-03-04,0.0,,
2019-03-05,0.0,,
2019-03-06,0.0,,
2019-03-07,1.0,,
2019-03-08,2.0,,
2019-03-09,1.0,,
2019-03-10,3.0,,
2019-03-11,2.0,,
2019-03-12,0.0,,
2019-03-13,3.0,,
2019-03-14,0.0,,
2019-03-15,0.0,,
2019-03-16,0.0,,
2019-03-17,0.0,,
2019-03-18,11.0,,
2019-03-19,0.0,,
2019-03-20,0.0,,
2019-03-21,0.0,,
2019-03-22,1.0,,
2019-03-23,0.0,,
2019-03-24,0.0,,
2019-03-25,0.0,,
2019-03-26,0.0,,
2019-03-27,1.0,,
2019-03-28,3.0,,
2019-03-29,1.0,,
2019-03-30,0.0,,
2019-03-31,0.0,,
2019-04-01,2.0,,
2019-04-02,1.0,,
2019-04-03,4.0,,
2019-04-04,2.0,,
2019-04-05,9.0,,
2019-04-06,2.0,,
2019-04-07,0.0,,
2019-04-08,0.0,,
2019-04-09,0.0,,
2019-04-10,0.0,,
2019-04-11,0.0,,
2019-04-12,0.0,,
2019-04-13,0.0,,
2019-04-14,0.0,,
2019-04-15,0.0,,
2019-04-16,0.0,,
2019-04-17,7.0,,
2019-04-18,0.0,,
2019-04-19,0.0,,
2019-04-20,20.0,,
2019-04-21,100.0,,
2019-04-22,29.0,,
2019-04-23,3.0,,
2019-04-24,0.0,,
2019-04-25,0.0,,
2019-04-26,1.0,,
2019-04-27,10.0,,
2019-04-28,4.0,,
2019-04-29,4.0,,
2019-04-30,0.0,,
2019-05-01,0.0,,
2019-05-02,0.0,,
2019-05-03,0.0,,
2019-05-04,0.0,,
2019-05-05,4.0,,
2019-05-06,0.0,,
2019-05-07,2.0,,
2019-05-08,3.0,,
2019-05-09,35.0,,
2019-05-10,1.0,,
2019-05-11,1.0,,
2019-05-12,0.0,,
2019-05-13,0.0,,
2019-05-14,0.0,,
2019-05-15,14.0,,
2019-05-16,1.0,,
2019-05-17,45.0,,
2019-05-18,2.0,,
2019-05-19,0.0,,
2019-05-20,15.0,,
2019-05-21,4.0,,
2019-05-22,0.0,,
2019-05-23,7.0,,
2019-05-24,3.0,,
2019-05-25,0.0,,
2019-05-26,8.0,,
2019-05-27,0.0,,
2019-05-28,0.0,,
2019-05-29,0.0,,
2019-05-30,0.0,,
2019-05-31,1.0,,
2019-06-01,0.0,,
2019-06-02,0.0,,
2019-06-03,5.0,,
2019-06-04,3.0,,
2019-06-05,10.0,,
2019-06-06,23.0,,
2019-06-07,0.0,,
2019-06-08,0.0,,
2019-06-09,0.0,,
2019-06-10,10.0,,
2019-06-11,7.0,,
2019-06-12,41.0,,
2019-06-13,4.0,,
2019-06-14,2.0,,
2019-06-15,0.0,,
2019-06-16,0.0,,
2019-06-17,0.0,,
2019-06-18,0.0,,
2019-06-19,0.0,,
2019-06-20,1.0,,
2019-06-21,4.0,,
2019-06-22,1.0,,
2019-06-23,0.0,,
2019-06-24,2.0,,
2019-06-25,28.0,,
2019-06-26,6.0,,
2019-06-27,23.0,,
2019-06-28,3.0,,
2019-06-29,0.0,,
2019-06-30,5.0,,
2019-07-01,35.0,,
2019-07-02,4.0,,
2019-07-03,1.0,,
2019-07-04,0.0,,
2019-07-05,0.0,,
2019-07-06,0.0,,
2019-07-07,6.0,,
2019-07-08,0.0,,
2019-07-09,7.0,,
2019-07-10,3.0,,
2019-07-11,7.0,,
2019-07-12,7.0,,
2019-07-13,12.0,,
2019-07-14,112.0,,
2019-07-15,31.0,,
2019-07-16,1.0,,
2019-07-17,21.0,,
2019-07-18,0.0,,
2019-07-19,0.0,,
2019-07-20,0.0,,
2019-07-21,0.0,,
2019-07-22,1.0,,
2019-07-23,30.0,,
2019-07-24,2.0,,
2019-07-25,0.0,,
2019-07-26,7.0,,
2019-07-27,17.0,,
2019-07-28,0.0,,
2019-07-29,0.0,,
2019-07-30,2.0,,
2019-07-31,5.0,,
2019-08-01,3.0,,
2019-08-02,5.0,,
2019-08-03,2.0,,
2019-08-04,0.0,,
2019-08-05,14.0,,
2019-08-06,25.0,,
2019-08-07,0.0,,
2019-08-08,0.0,,
2019-08-09,12.0,,
2019-08-10,3.0,,
2019-08-11,5.0,,
2019-08-12,20.0,,
2019-08-13,2.0,,
2019-08-14,42.0,,
2019-08-15,25.0,,
2019-08-16,1.0,,
2019-08-17,0.0,,
2019-08-18,0.0,,
2019-08-19,8.0,,
2019-08-20,0.0,,
2019-08-21,28.0,,
2019-08-22,0.0,,
2019-08-23,0.0,,
2019-08-24,30.0,,
2019-08-25,5.0,,
2019-08-26,8.0,,
2019-08-27,0.0,,
2019-08-28,36.0,,
2019-08-29,1.0,,
2019-08-30,0.0,,
2019-08-31,10.0,,
2019-09-01,18.0,,
2019-09-02,0.0,,
2019-09-03,5.0,,
2019-09-04,9.0,,
2019-09-05,17.0,,
2019-09-06,44.0,,
2019-09-07,12.0,,
2019-09-08,12.0,,
2019-09-09,0.0,,
2019-09-10,9.0,,
2019-09-11,17.0,,
2019-09-12,28.0,,
2019-09-13,4.0,,
2019-09-14,0.0,,
2019-09-15,11.0,,
2019-09-16,0.0,,
2019-09-17,0.0,,
2019-09-18,2.0,,
2019-09-19,2.0,,
2019-09-20,5.0,,
2019-09-21,0.0,,
2019-09-22,0.0,,
2019-09-23,0.0,,
2019-09-24,0.0,,
2019-09-25,0.0,,
2019-09-26,0.0,,
2019-09-27,0.0,,
2019-09-28,0.0,,
2019-09-29,12.0,,
2019-09-30,54.0,,
2019-10-01,0.0,,
2019-10-02,2.0,,
2019-10-03,0.0,,
2019-10-04,1.0,,
2019-10-05,27.0,,
2019-10-06,1.0,,
2019-10-07,0.0,,
2019-10-08,0.0,,
2019-10-09,1.0,,
2019-10-10,1.0,,
2019-10-11,3.0,,
2019-10-12,3.0,,
2019-10-13,0.0,,
2019-10-14,0.0,,
2019-10-15,0.0,,
2019-10-16,8.0,,
2019-10-17,36.0,,
2019-10-18,0.0,,
2019-10-19,0.0,,
2019-10-20,3.0,,
2019-10-21,0.0,,
2019-10-22,16.0,,
2019-10-23,0.0,,
2019-10-24,1.0,,
2019-10-25,0.0,,
2019-10-26,0.0,,
2019-10-27,1.0,,
2019-10-28,24.0,,
2019-10-29,0.0,,
2019-10-30,2.0,,
2019-10-31,0.0,,
2019-11-01,50.0,,
2019-11-02,7.0,,
2019-11-03,7.0,,
2019-11-04,5.0,,
2019-11-05,9.0,,
2019-11-06,0.0,,
2019-11-07,6.0,,
2019-11-08,0.0,,
2019-11-09,9.0,,
2019-11-10,22.0,,
2019-11-11,24.0,,
2019-11-12,10.0,,
2019-11-13,1.0,,
2019-11-14,5.0,,
2019-11-15,20.0,,
2019-11-16,5.0,,
2019-11-17,0.0,,
2019-11-18,3.0,,
2019-11-19,2.0,,
2019-11-20,1.0,,
2019-11-21,0.0,,
2019-11-22,9.0,,
2019-11-23,1.0,,
2019-11-24,9.0,,
2019-11-25,32.0,,
2019-11-26,3.0,,
2019-11-27,0.0,,
2019-11-28,34.0,,
2019-11-29,19.0,,
2019-11-30,0.0,,
2019-12-01,1.0,,
2019-12-02,0.0,,
2019-12-03,53.0,,
2019-12-04,122.0,,
2019-12-05,94.0,,
2019-12-06,22.0,,
2019-12-07,4.0,,
2019-12-08,11.0,,
2019-12-09,15.0,,
2019-12-10,0.0,,
2019-12-11,5.0,,
2019-12-12,0.0,,
2019-12-13,6.0,,
2019-12-14,24.0,,
2019-12-15,10.0,,
2019-12-16,94.0,,
2019-12-17,11.0,,
2019-12-18,12.0,,
2019-12-19,9.0,,
2019-12-20,7.0,,
2019-12-21,0.0,,
2019-12-22,13.0,,
2019-12-23,111.0,,
2019-12-24,8.0,,
2019-12-25,0.0,,
2019-12-26,4.0,,
2019-12-27,12.0,,
2019-12-28,35.0,,
2019-12-29,0.0,,
2019-12-30,1.0,,
2019-12-31,23.0,,
2020-01-01,31.0,,
2020-01-02,1.0,,
2020-01-03,0.0,,
2020-01-04,1.0,,
2020-01-05,0.0,,
2020-01-06,0.0,,
2020-01-07,0.0,,
2020-01-08,1.0,,
2020-01-09,0.0,,
2020-01-10,0.0,,
2020-01-11,0.0,,
2020-01-12,0.0,,
2020-01-13,0.0,,
2020-01-14,0.0,,
2020-01-15,0.0,,
2020-01-16,0.0,,
2020-01-17,0.0,,
2020-01-18,0.0,,
2020-01-19,0.0,,
2020-01-20,2.0,,
2020-01-21,0.0,,
2020-01-22,13.0,,
2020-01-23,20.0,,
2020-01-24,0.0,,
2020-01-25,0.0,,
2020-01-26,0.0,,
2020-01-27,0.0,,
2020-01-28,0.0,,
2020-01-29,0.0,,
2020-01-30,0.0,,
2020-01-31,0.0,,
2020-02-01,10.0,,
2020-02-02,0.0,,
2020-02-03,0.0,,
2020-02-04,0.0,,
2020-02-05,0.0,,
2020-02-06,0.0,,
2020-02-07,0.0,,
2020-02-08,0.0,,
2020-02-09,0.0,,
2020-02-10,0.0,,
2020-02-11,0.0,,
2020-02-12,0.0,,
2020-02-13,1.0,,
2020-02-14,0.0,,
2020-02-15,7.0,,
2020-02-16,0.0,,
2020-02-17,5.0,,
2020-02-18,0.0,,
2020-02-19,2.0,,
2020-02-20,5.0,,
2020-02-21,15.0,,
2020-02-22,0.0,,
2020-02-23,0.0,,
2020-02-24,0.0,,
2020-02-25,0.0,,
2020-02-26,0.0,,
2020-02-27,0.0,,
2020-02-28,5.0,,
2020-02-29,1.0,,
2020-03-01,0.0,,
2020-03-02,2.0,,
2020-03-03,0.0,,
2020-03-04,0.0,,
2020-03-05,0.0,,
2020-03-06,0.0,,
2020-03-07,0.0,,
2020-03-08,0.0,,
2020-03-09,0.0,,
2020-03-10,1.0,,
2020-03-11,0.0,,
2020-03-12,0.0,,
2020-03-13,0.0,,
2020-03-14,0.0,,
2020-03-15,0.0,,
2020-03-16,0.0,,
2020-03-17,1.0,,
2020-03-18,0.0,,
2020-03-19,1.0,,
2020-03-20,0.0,,
2020-03-21,0.0,,
2020-03-22,0.0,,
2020-03-23,0.0,,
2020-03-24,0.0,,
2020-03-25,0.0,,
2020-03-26,0.0,,
2020-03-27,0.0,,
2020-03-28,0.0,,
2020-03-29,0.0,,
2020-03-30,0.0,,
2020-03-31,0.0,,
2020-04-01,0.0,,
2020-04-02,1.0,,
2020-04-03,1.0,,
2020-04-04,0.0,,
2020-04-05,0.0,,
2020-04-06,0.0,,
2020-04-07,2.0,,
2020-04-08,0.0,,
2020-04-09,0.0,,
2020-04-10,19.0,,
2020-04-11,0.0,,
2020-04-12,14.0,,
2020-04-13,49.0,,
2020-04-14,5.0,,
2020-04-15,0.0,,
2020-04-16,0.0,,
2020-04-17,1.0,,
2020-04-18,0.0,,
2020-04-19,0.0,,
2020-04-20,0.0,,
2020-04-21,0.0,,
2020-04-22,1.0,,
2020-04-23,0.0,,
2020-04-24,6.0,,
2020-04-25,0.0,,
2020-04-26,1.0,,
2020-04-27,0.0,,
2020-04-28,0.0,,
2020-04-29,0.0,,
2020-04-30,0.0,,
2020-05-01,7.0,,
2020-05-02,1.0,,
2020-05-03,0.0,,
2020-05-04,21.0,,
2020-05-05,4.0,,
2020-05-06,3.0,,
2020-05-07,0.0,,
2020-05-08,4.0,,
2020-05-09,29.0,,
2020-05-10,0.0,,
2020-05-11,66.0,,
2020-05-12,0.0,,
2020-05-13,2.0,,
2020-05-14,1.0,,
2020-05-15,19.0,,
2020-05-16,0.0,,
2020-05-17,7.0,,
2020-05-18,2.0,,
2020-05-19,67.0,,
2020-05-20,1.0,,
2020-05-21,0.0,,
2020-05-22,8.0,,
2020-05-23,0.0,,
2020-05-24,0.0,,
2020-05-25,0.0,,
2020-05-26,0.0,,
2020-05-27,17.0,,
2020-05-28,0.0,,
2020-05-29,0.0,,
2020-05-30,1.0,,
2020-05-31,0.0,,
2020-06-01,13.0,,
2020-06-02,19.0,,
2020-06-03,0.0,,
2020-06-04,0.0,,
2020-06-05,0.0,,
2020-06-06,0.0,,
2020-06-07,35.0,,
2020-06-08,3.0,,
2020-06-09,1.0,,
2020-06-10,0.0,,
2020-06-11,6.0,,
2020-06-12,1.0,,
2020-06-13,0.0,,
2020-06-14,2.0,,
2020-06-15,21.0,,
2020-06-16,0.0,,
2020-06-17,9.0,,
2020-06-18,14.0,,
2020-06-19,0.0,,
2020-06-20,17.0,,
2020-06-21,11.0,,
2020-06-22,1.0,,
2020-06-23,11.0,,
2020-06-24,1.0,,
2020-06-25,1.0,,
2020-06-26,10.0,,
2020-06-27,7.0,,
2020-06-28,17.0,,
2020-06-29,5.0,,
2020-06-30,48.0,,
2020-07-01,14.0,,
2020-07-02,7.0,,
2020-07-03,7.0,,
2020-07-04,26.0,,
2020-07-05,7.0,,
2020-07-06,1.0,,
2020-07-07,13.0,,
2020-07-08,10.0,,
2020-07-09,1.0,,
2020-07-10,14.0,,
2020-07-11,4.0,,
2020-07-12,0.0,,
2020-07-13,3.0,,
2020-07-14,3.0,,
2020-07-15,1.0,,
2020-07-16,0.0,,
2020-07-17,39.0,,
2020-07-18,30.0,,
2020-07-19,4.0,,
2020-07-20,42.0,,
2020-07-21,4.0,,
2020-07-22,19.0,,
2020-07-23,0.0,,
2020-07-24,1.0,,
2020-07-25,0.0,,
2020-07-26,5.0,,
2020-07-27,2.0,,
2020-07-28,0.0,,
2020-07-29,4.0,,
2020-07-30,0.0,,
2020-07-31,0.0,,
2020-08-01,0.0,,
2020-08-02,8.0,,
2020-08-03,0.0,,
2020-08-04,12.0,,
2020-08-05,13.0,,
2020-08-06,0.0,,
2020-08-07,0.0,,
2020-08-08,60.0,,
2020-08-09,2.0,,
2020-08-10,0.0,,
2020-08-11,30.0,,
2020-08-12,11.0,,
2020-08-13,129.0,,
2020-08-14,23.0,,
2020-08-15,2.0,,
2020-08-16,3.0,,
2020-08-17,3.0,,
2020-08-18,3.0,,
2020-08-19,4.0,,
2020-08-20,3.0,,
2020-08-21,0.0,,
2020-08-22,9.0,,
2020-08-23,0.0,,
2020-08-24,0.0,,
2020-08-25,41.0,,
2020-08-26,1.0,,
2020-08-27,0.0,,
2020-08-28,0.0,,
2020-08-29,23.0,,
2020-08-30,1.0,,
2020-08-31,5.0,,
2020-09-01,4.0,,
2020-09-02,14.0,,
2020-09-03,8.0,,
2020-09-04,0.0,,
2020-09-05,1.0,,
2020-09-06,2.0,,
2020-09-07,2.0,,
2020-09-08,7.0,,
2020-09-09,50.0,,
2020-09-10,2.0,,
2020-09-11,14.0,,
2020-09-12,1.0,,
2020-09-13,1.0,,
2020-09-14,10.0,,
2020-09-15,1.0,,
2020-09-16,0.0,,
2020-09-17,13.0,,
2020-09-18,37.0,,
2020-09-19,1.0,,
2020-09-20,1.0,,
2020-09-21,9.0,,
2020-09-22,2.0,,
2020-09-23,10.0,,
2020-09-24,0.0,,
2020-09-25,2.0,,
2020-09-26,0.0,,
2020-09-27,4.0,,
2020-09-28,4.0,,
2020-09-29,0.0,,
2020-09-30,95.0,,
2020-10-01,3.0,,
2020-10-02,6.0,,
2020-10-03,0.0,,
2020-10-04,0.0,,
2020-10-05,0.0,,
2020-10-06,0.0,,
2020-10-07,1.0,,
2020-10-08,0.0,,
2020-10-09,0.0,,
2020-10-10,1.0,,
2020-10-11,19.0,,
2020-10-12,4.0,,
2020-10-13,4.0,,
2020-10-14,18.0,,
2020-10-15,0.0,,
2020-10-16,27.0,,
2020-10-17,14.0,,
2020-10-18,20.0,,
2020-10-19,0.0,,
2020-10-20,2.0,,
2020-10-21,1.0,,
2020-10-22,0.0,,
2020-10-23,4.0,,
2020-10-24,0.0,,
2020-10-25,5.0,,
2020-10-26,0.0,,
2020-10-27,0.0,,
2020-10-28,0.0,,
2020-10-29,18.0,,
2020-10-30,0.0,,
2020-10-31,8.0,,
2020-11-01,39.0,,
2020-11-02,4.0,,
2020-11-03,4.0,,
2020-11-04,0.0,,
2020-11-05,0.0,,
2020-11-06,0.0,,
2020-11-07,0.0,,
2020-11-08,0.0,,
2020-11-09,0.0,,
2020-11-10,0.0,,
2020-11-11,2.0,,
2020-11-12,2.0,,
2020-11-13,0.0,,
2020-11-14,17.0,,
2020-11-15,36.0,,
2020-11-16,2.0,,
2020-11-17,0.0,,
2020-11-18,87.0,,
2020-11-19,13.0,,
2020-11-20,22.0,,
2020-11-21,13.0,,
2020-11-22,0.0,,
2020-11-23,0.0,,
2020-11-24,14.0,,
2020-11-25,0.0,,
2020-11-26,43.0,,
2020-11-27,22.0,,
2020-11-28,4.0,,
2020-11-29,17.0,,
2020-11-30,34.0,,
2020-12-01,67.0,,
2020-12-02,6.0,,
2020-12-03,4.0,,
2020-12-04,22.0,,
2020-12-05,0.0,,
2020-12-06,0.0,,
2020-12-07,4.0,,
2020-12-08,12.0,,
2020-12-09,26.0,,
2020-12-10,29.0,,
2020-12-11,0.0,,
2020-12-12,0.0,,
2020-12-13,1.0,,
2020-12-14,0.0,,
2020-12-15,0.0,,
2020-12-16,32.0,,
2020-12-17,10.0,,
2020-12-18,0.0,,
2020-12-19,2.0,,
2020-12-20,2.0,,
2020-12-21,1.0,,
2020-12-22,0.0,,
2020-12-23,0.0,,
2020-12-24,4.0,,
2020-12-25,31.0,,
2020-12-26,4.0,,
2020-12-27,0.0,,
2020-12-28,21.0,,
2020-12-29,8.0,,
2020-12-30,1.0,,
2020-12-31,6.0,,
2021-01-01,1.0,,
2021-01-02,0.0,,
2021-01-03,0.0,,
2021-01-04,0.0,,
2021-01-05,0.0,,
2021-01-06,0.0,,
2021-01-07,0.0,,
2021-01-08,0.0,,
2021-01-09,24.0,,
2021-01-10,9.0,,
2021-01-11,0.0,,
2021-01-12,0.0,,
2021-01-13,0.0,,
2021-01-14,0.0,,
2021-01-15,3.0,,
2021-01-16,0.0,,
2021-01-17,0.0,,
2021-01-18,0.0,,
2021-01-19,0.0,,
2021-01-20,2.0,,
2021-01-21,0.0,,
2021-01-22,1.0,,
2021-01-23,5.0,,
2021-01-24,1.0,,
2021-01-25,0.0,,
2021-01-26,0.0,,
2021-01-27,0.0,,
2021-01-28,0.0,,
2021-01-29,2.0,,
2021-01-30,0.0,,
2021-01-31,0.0,,
2021-02-01,1.0,,
2021-02-02,2.0,,
2021-02-03,0.0,,
2021-02-04,1.0,,
2021-02-05,1.0,,
2021-02-06,1.0,,
2021-02-07,0.0,,
2021-02-08,0.0,,
2021-02-09,0.0,,
2021-02-10,15.0,,
2021-02-11,0.0,,
2021-02-12,23.0,,
2021-02-13,0.0,,
2021-02-14,0.0,,
2021-02-15,0.0,,
2021-02-16,8.0,,
2021-02-17,0.0,,
2021-02-18,0.0,,
2021-02-19,9.0,,
2021-02-20,0.0,,
2021-02-21,0.0,,
2021-02-22,1.0,,
2021-02-23,0.0,,
2021-02-24,5.0,,
2021-02-25,1.0,,
2021-02-26,2.0,,
2021-02-27,0.0,,
2021-02-28,0.0,,
2021-03-01,0.0,,
2021-03-02,0.0,,
2021-03-03,0.0,,
2021-03-04,0.0,,
2021-03-05,0.0,,
2021-03-06,0.0,,
2021-03-07,5.0,,
2021-03-08,59.0,,
2021-03-09,10.0,,
2021-03-10,3.0,,
2021-03-11,0.0,,
2021-03-12,6.0,,
2021-03-13,0.0,,
2021-03-14,0.0,,
2021-03-15,0.0,,
2021-03-16,0.0,,
2021-03-17,0.0,,
2021-03-18,4.0,,
2021-03-19,0.0,,
2021-03-20,0.0,,
2021-03-21,0.0,,
2021-03-22,0.0,,
2021-03-23,0.0,,
2021-03-24,0.0,,
2021-03-25,0.0,,
2021-03-26,0.0,,
2021-03-27,5.0,,
2021-03-28,3.0,,
2021-03-29,0.0,,
2021-03-30,0.0,,
2021-03-31,0.0,,
2021-04-01,1.0,,
2021-04-02,14.0,,
2021-04-03,22.0,,
2021-04-04,44.0,,
2021-04-05,4.0,,
2021-04-06,13.0,,
2021-04-07,3.0,,
2021-04-08,10.0,,
2021-04-09,33.0,,
2021-04-10,1.0,,
2021-04-11,0.0,,
2021-04-12,0.0,,
2021-04-13,0.0,,
2021-04-14,0.0,,
2021-04-15,0.0,,
2021-04-16,18.0,,
2021-04-17,12.0,,
2021-04-18,17.0,,
2021-04-19,0.0,,
2021-04-20,3.0,,
2021-04-21,1.0,,
2021-04-22,0.0,,
2021-04-23,3.0,,
2021-04-24,0.0,,
2021-04-25,0.0,,
2021-04-26,0.0,,
2021-04-27,0.0,,
2021-04-28,0.0,,
2021-04-29,0.0,,
2021-04-30,0.0,,
2021-05-01,0.0,,
2021-05-02,2.0,,
2021-05-03,0.0,,
2021-05-04,0.0,,
2021-05-05,0.0,,
2021-05-06,0.0,,
2021-05-07,7.0,,
2021-05-08,9.0,,
2021-05-09,4.0,,
2021-05-10,0.0,,
2021-05-11,3.0,,
2021-05-12,2.0,,
2021-05-13,0.0,,
2021-05-14,0.0,,
2021-05-15,1.0,,
2021-05-16,5.0,,
2021-05-17,0.0,,
2021-05-18,3.0,,
2021-05-19,1.0,,
2021-05-20,0.0,,
2021-05-21,1.0,,
2021-05-22,0.0,,
2021-05-23,22.0,,
2021-05-24,33.0,,
2021-05-25,25.0,,
2021-05-26,0.0,,
2021-05-27,6.0,,
2021-05-28,11.0,,
2021-05-29,10.0,,
2021-05-30,1.0,,
2021-05-31,0.0,,
2021-06-01,1.0,,
2021-06-02,50.0,,
2021-06-03,7.0,,
2021-06-04,0.0,,
2021-06-05,1.0,,
2021-06-06,11.0,,
2021-06-07,30.0,,
2021-06-08,0.0,,
2021-06-09,16.0,,
2021-06-10,0.0,,
2021-06-11,1.0,,
2021-06-12,1.0,,
2021-06-13,76.0,,
2021-06-14,2.0,,
2021-06-15,0.0,,
2021-06-16,0.0,,
2021-06-17,6.0,,
2021-06-18,1.0,,
2021-06-19,6.0,,
2021-06-20,4.0,,
2021-06-21,51.0,,
2021-06-22,5.0,,
2021-06-23,6.0,,
2021-06-24,3.0,,
2021-06-25,2.0,,
2021-06-26,0.0,,
2021-06-27,11.0,,
2021-06-28,1.0,,
2021-06-29,19.0,,
2021-06-30,12.0,,
2021-07-01,1.0,,
2021-07-02,0.0,,
2021-07-03,3.0,,
2021-07-04,0.0,,
2021-07-05,0.0,,
2021-07-06,9.0,,
2021-07-07,5.0,,
2021-07-08,0.0,,
2021-07-09,26.0,,
2021-07-10,15.0,,
2021-07-11,13.0,,
2021-07-12,4.0,,
2021-07-13,16.0,,
2021-07-14,16.0,,
2021-07-15,4.0,,
2021-07-16,53.0,,
2021-07-17,119.0,,
2021-07-18,4.0,,
2021-07-19,0.0,,
2021-07-20,0.0,,
2021-07-21,0.0,,
2021-07-22,0.0,,
2021-07-23,19.0,,
2021-07-24,11.0,,
2021-07-25,50.0,,
2021-07-26,0.0,,
2021-07-27,0.0,,
2021-07-28,12.0,,
2021-07-29,5.0,,
2021-07-30,1.0,,
2021-07-31,7.0,,
2021-08-01,0.0,,
2021-08-02,3.0,,
2021-08-03,0.0,,
2021-08-04,1.0,,
2021-08-05,20.0,,
2021-08-06,9.0,,
2021-08-07,1.0,,
2021-08-08,27.0,,
2021-08-09,120.0,,
2021-08-10,2.0,,
2021-08-11,70.0,,
2021-08-12,1.0,,
2021-08-13,2.0,,
2021-08-14,5.0,,
2021-08-15,0.0,,
2021-08-16,2.0,,
2021-08-17,1.0,,
2021-08-18,0.0,,
2021-08-19,69.0,,
2021-08-20,17.0,,
2021-08-21,0.0,,
2021-08-22,0.0,,
2021-08-23,26.0,,
2021-08-24,12.0,,
2021-08-25,5.0,,
2021-08-26,3.0,,
2021-08-27,3.0,,
2021-08-28,3.0,,
2021-08-29,7.0,,
2021-08-30,18.0,,
2021-08-31,5.0,,
2021-09-01,0.0,,
2021-09-02,27.0,,
2021-09-03,1.0,,
2021-09-04,40.0,,
2021-09-05,2.0,,
2021-09-06,44.0,,
2021-09-07,1.0,,
2021-09-08,1.0,,
2021-09-09,11.0,,
2021-09-10,1.0,,
2021-09-11,1.0,,
2021-09-12,0.0,,
2021-09-13,0.0,,
2021-09-14,0.0,,
2021-09-15,12.0,,
2021-09-16,0.0,,
2021-09-17,13.0,,
2021-09-18,54.0,,
2021-09-19,3.0,,
2021-09-20,40.0,,
2021-09-21,2.0,,
2021-09-22,10.0,,
2021-09-23,0.0,,
2021-09-24,0.0,,
2021-09-25,9.0,,
2021-09-26,11.0,,
2021-09-27,3.0,,
2021-09-28,24.0,,
2021-09-29,0.0,,
2021-09-30,14.0,,
2021-10-01,8.0,,
2021-10-02,11.0,,
2021-10-03,8.0,,
2021-10-04,1.0,,
2021-10-05,0.0,,
2021-10-06,0.0,,
2021-10-07,10.0,,
2021-10-08,34.0,,
2021-10-09,1.0,,
2021-10-10,3.0,,
2021-10-11,0.0,,
2021-10-12,5.0,,
2021-10-13,1.0,,
2021-10-14,1.0,,
2021-10-15,25.0,,
2021-10-16,11.0,,
2021-10-17,0.0,,
2021-10-18,7.0,,
2021-10-19,2.0,,
2021-10-20,0.0,,
2021-10-21,34.0,,
2021-10-22,8.0,,
2021-10-23,7.0,,
2021-10-24,0.0,,
2021-10-25,0.0,,
2021-10-26,70.0,,
2021-10-27,0.0,,
2021-10-28,0.0,,
2021-10-29,0.0,,
2021-10-30,0.0,,
2021-10-31,33.0,,
2021-11-01,101.0,,
2021-11-02,2.0,,
2021-11-03,0.0,,
2021-11-04,0.0,,
2021-11-05,0.0,,
2021-11-06,2.0,,
2021-11-07,21.0,,
2021-11-08,49.0,,
2021-11-09,9.0,,
2021-11-10,7.0,,
2021-11-11,9.0,,
2021-11-12,13.0,,
2021-11-13,6.0,,
2021-11-14,15.0,,
2021-11-15,15.0,,
2021-11-16,11.0,,
2021-11-17,1.0,,
2021-11-18,1.0,,
2021-11-19,9.0,,
2021-11-20,3.0,,
2021-11-21,45.0,,
2021-11-22,33.0,,
2021-11-23,13.0,,
2021-11-24,32.0,,
2021-11-25,9.0,,
2021-11-26,61.0,,
2021-11-27,9.0,,
2021-11-28,40.0,,
2021-11-29,31.0,,
2021-11-30,30.0,,
2021-12-01,30.0,,
2021-12-02,2.0,,
2021-12-03,18.0,,
2021-12-04,1.0,,
2021-12-05,0.0,,
2021-12-06,0.0,,
2021-12-07,0.0,,
2021-12-08,0.0,,
2021-12-09,0.0,,
2021-12-10,0.0,,
2021-12-11,0.0,,
2021-12-12,0.0,,
2021-12-13,1.0,,
2021-12-14,0.0,,
2021-12-15,5.0,,
2021-12-16,1.0,,
2021-12-17,24.0,,
2021-12-18,0.0,,
2021-12-19,11.0,,
2021-12-20,0.0,,
2021-12-21,17.0,,
2021-12-22,23.0,,
2021-12-23,7.0,,
2021-12-24,1.0,,
2021-12-25,0.0,,
2021-12-26,10.0,,
2021-12-27,16.0,,
2021-12-28,0.0,,
2021-12-29,1.0,,
2021-12-30,2.0,,
2021-12-31,0.0,,
2022-01-01,3.0,,
2022-01-02,0.0,,
2022-01-03,2.0,,
2022-01-04,0.0,,
2022-01-05,0.0,,
2022-01-06,2.0,,
2022-01-07,0.0,,
2022-01-08,3.0,,
2022-01-09,0.0,,
2022-01-10,0.0,,
2022-01-11,6.0,,
2022-01-12,1.0,,
2022-01-13,1.0,,
2022-01-14,1.0,,
2022-01-15,1.0,,
2022-01-16,0.0,,
2022-01-17,0.0,,
2022-01-18,0.0,,
2022-01-19,1.0,,
2022-01-20,0.0,,
2022-01-21,0.0,,
2022-01-22,0.0,,
2022-01-23,1.0,,
2022-01-24,0.0,,
2022-01-25,1.0,,
2022-01-26,0.0,,
2022-01-27,0.0,,
2022-01-28,2.0,,
2022-01-29,4.0,,
2022-01-30,0.0,,
2022-01-31,11.0,,
2022-02-01,0.0,,
2022-02-02,0.0,,
2022-02-03,0.0,,
2022-02-04,0.0,,
2022-02-05,2.0,,
2022-02-06,6.0,,
2022-02-07,0.0,,
2022-02-08,0.0,,
2022-02-09,13.0,,
2022-02-10,29.0,,
2022-02-11,0.0,,
2022-02-12,0.0,,
2022-02-13,0.0,,
2022-02-14,0.0,,
2022-02-15,0.0,,
2022-02-16,2.0,,
2022-02-17,0.0,,
2022-02-18,2.0,,
2022-02-19,0.0,,
2022-02-20,4.0,,
2022-02-21,0.0,,
2022-02-22,0.0,,
2022-02-23,0.0,,
2022-02-24,4.0,,
2022-02-25,0.0,,
2022-02-26,0.0,,
2022-02-27,0.0,,
2022-02-28,0.0,,
2022-03-01,10.0,,
2022-03-02,41.0,,
2022-03-03,1.0,,
2022-03-04,4.0,,
2022-03-05,18.0,,
2022-03-06,12.0,,
2022-03-07,0.0,,
2022-03-08,0.0,,
2022-03-09,0.0,,
2022-03-10,0.0,,
2022-03-11,2.0,,
2022-03-12,0.0,,
2022-03-13,0.0,,
2022-03-14,4.0,,
2022-03-15,0.0,,
2022-03-16,3.0,,
2022-03-17,1.0,,
2022-03-18,0.0,,
2022-03-19,14.0,,
2022-03-20,0.0,,
2022-03-21,0.0,,
2022-03-22,0.0,,
2022-03-23,0.0,,
2022-03-24,0.0,,
2022-03-25,0.0,,
2022-03-26,0.0,,
2022-03-27,20.0,,
2022-03-28,27.0,,
2022-03-29,0.0,,
2022-03-30,1.0,,
2022-03-31,0.0,,
2022-04-01,0.0,,
2022-04-02,0.0,,
2022-04-03,11.0,,
2022-04-04,4.0,,
2022-04-05,3.0,,
2022-04-06,0.0,,
2022-04-07,0.0,,
2022-04-08,7.0,,
2022-04-09,41.0,,
2022-04-10,1.0,,
2022-04-11,0.0,,
2022-04-12,1.0,,
2022-04-13,13.0,,
2022-04-14,0.0,,
2022-04-15,0.0,,
2022-04-16,0.0,,
2022-04-17,0.0,,
2022-04-18,0.0,,
2022-04-19,0.0,,
2022-04-20,0.0,,
2022-04-21,0.0,,
2022-04-22,0.0,,
2022-04-23,27.0,,
2022-04-24,9.0,,
2022-04-25,0.0,,
2022-04-26,22.0,,
2022-04-27,43.0,,
2022-04-28,12.0,,
2022-04-29,2.0,,
2022-04-30,69.0,,
2022-05-01,5.0,,
2022-05-02,12.0,,
2022-05-03,0.0,,
2022-05-04,0.0,,
2022-05-05,28.0,,
2022-05-06,26.0,,
2022-05-07,0.0,,
2022-05-08,0.0,,
2022-05-09,3.0,,
2022-05-10,0.0,,
2022-05-11,8.0,,
2022-05-12,3.0,,
2022-05-13,8.0,,
2022-05-14,89.0,,
2022-05-15,2.0,,
2022-05-16,35.0,,
2022-05-17,131.0,,
2022-05-18,28.0,,
2022-05-19,1.0,,
2022-05-20,1.0,,
2022-05-21,0.0,,
2022-05-22,1.0,,
2022-05-23,1.0,,
2022-05-24,6.0,,
2022-05-25,2.0,,
2022-05-26,6.0,,
2022-05-27,2.0,,
2022-05-28,21.0,,
2022-05-29,0.0,,
2022-05-30,0.0,,
2022-05-31,0.0,,
2022-06-01,0.0,,
2022-06-02,11.0,,
2022-06-03,0.0,,
2022-06-04,0.0,,
2022-06-05,31.0,,
2022-06-06,44.0,,
2022-06-07,0.0,,
2022-06-08,0.0,,
2022-06-09,0.0,,
2022-06-10,2.0,,
2022-06-11,4.0,,
2022-06-12,0.0,,
2022-06-13,31.0,,
2022-06-14,11.0,,
2022-06-15,0.0,,
2022-06-16,8.0,,
2022-06-17,4.0,,
2022-06-18,15.0,,
2022-06-19,0.0,,
2022-06-20,0.0,,
2022-06-21,0.0,,
2022-06-22,9.0,,
2022-06-23,18.0,,
2022-06-24,43.0,,
2022-06-25,3.0,,
2022-06-26,78.0,,
2022-06-27,24.0,,
2022-06-28,52.0,,
2022-06-29,5.0,,
2022-06-30,5.0,,
2022-07-01,6.0,,
2022-07-02,1.0,,
2022-07-03,14.0,,
2022-07-04,7.0,,
2022-07-05,20.0,,
2022-07-06,6.0,,
2022-07-07,23.0,,
2022-07-08,23.0,,
2022-07-09,4.0,,
2022-07-10,9.0,,
2022-07-11,23.0,,
2022-07-12,12.0,,
2022-07-13,11.0,,
2022-07-14,1.0,,
2022-07-15,22.0,,
2022-07-16,0.0,,
2022-07-17,5.0,,
2022-07-18,0.0,,
2022-07-19,7.0,,
2022-07-20,36.0,,
2022-07-21,15.0,,
2022-07-22,28.0,,
2022-07-23,45.0,,
2022-07-24,15.0,,
2022-07-25,11.0,,
2022-07-26,14.0,,
2022-07-27,43.0,,
2022-07-28,27.0,,
2022-07-29,21.0,,
2022-07-30,2.0,,
2022-07-31,0.0,,
2022-08-01,9.0,,
2022-08-02,15.0,,
2022-08-03,8.0,,
2022-08-04,6.0,,
2022-08-05,13.0,,
2022-08-06,31.0,,
2022-08-07,0.0,,
2022-08-08,0.0,,
2022-08-09,19.0,,
2022-08-10,19.0,,
2022-08-11,28.0,,
2022-08-12,2.0,,
2022-08-13,4.0,,
2022-08-14,6.0,,
2022-08-15,44.0,,
2022-08-16,0.0,,
2022-08-17,0.0,,
2022-08-18,4.0,,
2022-08-19,0.0,,
2022-08-20,9.0,,
2022-08-21,75.0,,
2022-08-22,14.0,,
2022-08-23,12.0,,
2022-08-24,0.0,,
2022-08-25,4.0,,
2022-08-26,0.0,,
2022-08-27,21.0,,
2022-08-28,45.0,,
2022-08-29,0.0,,
2022-08-30,0.0,,
2022-08-31,3.0,,
2022-09-01,0.0,,
2022-09-02,0.0,,
2022-09-03,25.0,,
2022-09-04,18.0,,
2022-09-05,15.0,,
2022-09-06,1.0,,
2022-09-07,3.0,,
2022-09-08,24.0,,
2022-09-09,0.0,,
2022-09-10,29.0,,
2022-09-11,15.0,,
2022-09-12,27.0,,
2022-09-13,0.0,,
2022-09-14,12.0,,
2022-09-15,0.0,,
2022-09-16,17.0,,
2022-09-17,2.0,,
2022-09-18,1.0,,
2022-09-19,0.0,,
2022-09-20,15.0,,
2022-09-21,0.0,,
2022-09-22,3.0,,
2022-09-23,1.0,,
2022-09-24,0.0,,
2022-09-25,7.0,,
2022-09-26,1.0,,
2022-09-27,0.0,,
2022-09-28,0.0,,
2022-09-29,17.0,,
2022-09-30,0.0,,
2022-10-01,13.0,,
2022-10-02,6.0,,
2022-10-03,0.0,,
2022-10-04,0.0,,
2022-10-05,63.0,,
2022-10-06,37.0,,
2022-10-07,75.0,,
2022-10-08,9.0,,
2022-10-09,0.0,,
2022-10-10,2.0,,
2022-10-11,0.0,,
2022-10-12,0.0,,
2022-10-13,20.0,,
2022-10-14,0.0,,
2022-10-15,0.0,,
2022-10-16,2.0,,
2022-10-17,4.0,,
2022-10-18,50.0,,
2022-10-19,5.0,,
2022-10-20,22.0,,
2022-10-21,3.0,,
2022-10-22,2.0,,
2022-10-23,1.0,,
2022-10-24,7.0,,
2022-10-25,8.0,,
2022-10-26,9.0,,
2022-10-27,11.0,,
2022-10-28,10.0,,
2022-10-29,0.0,,
2022-10-30,0.0,,
2022-10-31,1.0,,
2022-11-01,0.0,,
2022-11-02,0.0,,
2022-11-03,73.0,,
2022-11-04,0.0,,
2022-11-05,1.0,,
2022-11-06,0.0,,
2022-11-07,0.0,,
2022-11-08,27.0,,
2022-11-09,0.0,,
2022-11-10,0.0,,
2022-11-11,12.0,,
2022-11-12,0.0,,
2022-11-13,51.0,,
2022-11-14,11.0,,
2022-11-15,26.0,,
2022-11-16,10.0,,
2022-11-17,35.0,,
2022-11-18,3.0,,
2022-11-19,1.0,,
2022-11-20,1.0,,
2022-11-21,82.0,,
2022-11-22,1.0,,
2022-11-23,5.0,,
2022-11-24,7.0,,
2022-11-25,0.0,,
2022-11-26,7.0,,
2022-11-27,0.0,,
2022-11-28,26.0,,
2022-11-29,26.0,,
2022-11-30,0.0,,
2022-12-01,0.0,,
2022-12-02,27.0,,
2022-12-03,0.0,,
2022-12-04,0.0,,
2022-12-05,12.0,,
2022-12-06,4.0,,
2022-12-07,0.0,,
2022-12-08,4.0,,
2022-12-09,0.0,,
2022-12-10,0.0,,
2022-12-11,0.0,,
2022-12-12,8.0,,
2022-12-13,14.0,,
2022-12-14,8.0,,
2022-12-15,2.0,,
2022-12-16,0.0,,
2022-12-17,0.0,,
2022-12-18,0.0,,
2022-12-19,1.0,,
2022-12-20,0.0,,
2022-12-21,0.0,,
2022-12-22,0.0,,
2022-12-23,0.0,,
2022-12-24,0.0,,
2022-12-25,0.0,,
2022-12-26,0.0,,
2022-12-27,0.0,,
2022-12-28,3.0,,
2022-12-29,0.0,,
2022-12-30,1.0,,
2022-12-31,0.0,,
2023-01-01,1.0,27.8179,3.6
2023-01-02,7.0,27.8448,3.5999
2023-01-03,1.0,27.8716,3.5998
2023-01-04,1.0,27.8983,3.5995
2023-01-05,0.0,27.9249,3.5991
2023-01-06,0.0,27.9514,3.5985
2023-01-07,1.0,27.9777,3.5979
2023-01-08,1.0,28.0039,3.5971
2023-01-09,29.0,28.03,3.5962
2023-01-10,20.0,28.0559,3.5952
2023-01-11,13.0,28.0816,3.5941
2023-01-12,1.0,28.1072,3.5929
2023-01-13,0.0,28.1325,3.5915
2023-01-14,6.0,28.1577,3.59
2023-01-15,4.0,28.1827,3.5885
2023-01-16,0.0,28.2075,3.5868
2023-01-17,0.0,28.2321,3.5849
2023-01-18,0.0,28.2564,3.583
2023-01-19,0.0,28.2806,3.581
2023-01-20,0.0,28.3045,3.5788
2023-01-21,0.0,28.3282,3.5766
2023-01-22,18.0,28.3516,3.5742
2023-01-23,0.0,28.3748,3.5717
2023-01-24,0.0,28.3977,3.5691
2023-01-25,0.0,28.4203,3.5664
2023-01-26,0.0,28.4427,3.5636
2023-01-27,0.0,28.4648,3.5607
2023-01-28,0.0,28.4866,3.5576
2023-01-29,3.0,28.5081,3.5545
2023-01-30,0.0,28.5294,3.5512
2023-01-31,0.0,28.5503,3.5479
2023-02-01,0.0,28.5709,3.5445
2023-02-02,6.0,28.5912,3.5409
2023-02-03,0.0,28.6111,3.5373
2023-02-04,0.0,28.6308,3.5335
2023-02-05,0.0,28.6501,3.5297
2023-02-06,0.0,28.6691,3.5257
2023-02-07,0.0,28.6877,3.5217
2023-02-08,0.0,28.7059,3.5175
2023-02-09,0.0,28.7238,3.5133
2023-02-10,0.0,28.7414,3.509
2023-02-11,0.0,28.7586,3.5046
2023-02-12,0.0,28.7754,3.5001
2023-02-13,0.0,28.7918,3.4955
2023-02-14,0.0,28.8079,3.4908
2023-02-15,1.0,28.8235,3.486
2023-02-16,3.0,28.8388,3.4812
2023-02-17,0.0,28.8537,3.4762
2023-02-18,1.0,28.8681,3.4712
2023-02-19,0.0,28.8822,3.4661
2023-02-20,1.0,28.8959,3.4609
2023-02-21,0.0,28.9091,3.4557
2023-02-22,0.0,28.9219,3.4504
2023-02-23,0.0,28.9343,3.445
2023-02-24,0.0,28.9463,3.4395
2023-02-25,0.0,28.9579,3.4339
2023-02-26,0.0,28.969,3.4283
2023-02-27,0.0,28.9797,3.4226
2023-02-28,0.0,28.9899,3.4169
2023-03-01,0.0,28.9998,3.4111
2023-03-02,0.0,29.0091,3.4052
2023-03-03,0.0,29.018,3.3993
2023-03-04,0.0,29.0265,3.3933
2023-03-05,0.0,29.0345,3.3872
2023-03-06,0.0,29.0421,3.3811
2023-03-07,0.0,29.0492,3.3749
2023-03-08,0.0,29.0559,3.3687
2023-03-09,0.0,29.0621,3.3625
2023-03-10,0.0,29.0678,3.3561
2023-03-11,0.0,29.073,3.3498
2023-03-12,0.0,29.0778,3.3434
2023-03-13,0.0,29.0822,3.3369
2023-03-14,0.0,29.086,3.3305
2023-03-15,0.0,29.0894,3.3239
2023-03-16,0.0,29.0924,3.3174
2023-03-17,0.0,29.0948,3.3108
2023-03-18,0.0,29.0968,3.3042
2023-03-19,0.0,29.0983,3.2975
2023-03-20,1.0,29.0993,3.2908
2023-03-21,0.0,29.0999,3.2841
2023-03-22,0.0,29.1,3.2774
2023-03-23,0.0,29.0996,3.2706
2023-03-24,5.0,29.0987,3.2638
2023-03-25,0.0,29.0974,3.257
2023-03-26,0.0,29.0956,3.2502
2023-03-27,0.0,29.0933,3.2434
2023-03-28,0.0,29.0906,3.2365
2023-03-29,0.0,29.0874,3.2296
2023-03-30,13.0,29.0837,3.2228
2023-03-31,0.0,29.0795,3.2159
2023-04-01,0.0,29.0749,3.209
2023-04-02,0.0,29.0698,3.2022
2023-04-03,6.0,29.0642,3.1953
2023-04-04,0.0,29.0582,3.1884
2023-04-05,0.0,29.0517,3.1815
2023-04-06,10.0,29.0448,3.1746
2023-04-07,0.0,29.0374,3.1678
2023-04-08,0.0,29.0296,3.1609
2023-04-09,3.0,29.0213,3.1541
2023-04-10,2.0,29.0125,3.1473
2023-04-11,0.0,29.0033,3.1404
2023-04-12,0.0,28.9937,3.1336
2023-04-13,0.0,28.9836,3.1269
2023-04-14,0.0,28.973,3.1201
2023-04-15,0.0,28.9621,3.1134
2023-04-16,0.0,28.9507,3.1067
2023-04-17,0.0,28.9389,3.1
2023-04-18,0.0,28.9266,3.0934
2023-04-19,0.0,28.9139,3.0867
2023-04-20,0.0,28.9008,3.0802
2023-04-21,0.0,28.8873,3.0736
2023-04-22,0.0,28.8734,3.0671
2023-04-23,0.0,28.8591,3.0606
2023-04-24,0.0,28.8444,3.0542
2023-04-25,0.0,28.8293,3.0478
2023-04-26,0.0,28.8137,3.0415
2023-04-27,0.0,28.7978,3.0352
2023-04-28,0.0,28.7815,3.0289
2023-04-29,0.0,28.7649,3.0227
2023-04-30,0.0,28.7478,3.0166
2023-05-01,0.0,28.7304,3.0105
2023-05-02,0.0,28.7127,3.0045
2023-05-03,0.0,28.6945,2.9985
2023-05-04,0.0,28.676,2.9926
2023-05-05,0.0,28.6572,2.9867
2023-05-06,0.0,28.638,2.981
2023-05-07,0.0,28.6185,2.9752
2023-05-08,0.0,28.5987,2.9696
2023-05-09,0.0,28.5785,2.964
2023-05-10,0.0,28.558,2.9585
2023-05-11,0.0,28.5372,2.953
2023-05-12,0.0,28.5161,2.9476
2023-05-13,0.0,28.4947,2.9423
2023-05-14,3.0,28.473,2.9371
2023-05-15,16.0,28.451,2.932
2023-05-16,9.0,28.4287,2.9269
2023-05-17,1.0,28.4062,2.9219
2023-05-18,4.0,28.3833,2.917
2023-05-19,2.0,28.3603,2.9122
2023-05-20,24.0,28.3369,2.9074
2023-05-21,1.0,28.3133,2.9028
2023-05-22,9.0,28.2895,2.8982
2023-05-23,0.0,28.2655,2.8938
2023-05-24,0.0,28.2412,2.8894
2023-05-25,0.0,28.2167,2.8851
2023-05-26,30.0,28.192,2.8809
2023-05-27,0.0,28.167,2.8768
2023-05-28,0.0,28.1419,2.8728
2023-05-29,11.0,28.1166,2.8689
2023-05-30,0.0,28.0911,2.8651
2023-05-31,0.0,28.0655,2.8614
2023-06-01,1.0,28.0396,2.8577
2023-06-02,0.0,28.0137,2.8542
2023-06-03,0.0,27.9875,2.8508
2023-06-04,0.0,27.9612,2.8475
2023-06-05,0.0,27.9348,2.8443
2023-06-06,0.0,27.9083,2.8412
2023-06-07,6.0,27.8816,2.8382
2023-06-08,1.0,27.8548,2.8354
2023-06-09,1.0,27.8279,2.8326
2023-06-10,0.0,27.8009,2.8299
2023-06-11,0.0,27.7738,2.8274
2023-06-12,0.0,27.7467,2.8249
2023-06-13,6.0,27.7195,2.8226
2023-06-14,6.0,27.6922,2.8204
2023-06-15,22.0,27.6648,2.8182
2023-06-16,16.0,27.6374,2.8162
2023-06-17,33.0,27.61,2.8144
2023-06-18,0.0,27.5825,2.8126
2023-06-19,0.0,27.555,2.8109
2023-06-20,8.0,27.5275,2.8094
2023-06-21,0.0,27.5,2.808
2023-06-22,31.0,27.4724,2.8067
2023-06-23,43.0,27.4449,2.8055
2023-06-24,28.0,27.4174,2.8044
2023-06-25,90.0,27.39,2.8034
2023-06-26,1.0,27.3625,2.8026
2023-06-27,0.0,27.3351,2.8019
2023-06-28,22.0,27.3078,2.8013
2023-06-29,1.0,27.2805,2.8008
2023-06-30,5.0,27.2532,2.8004
2023-07-01,11.0,27.2261,2.8002
2023-07-02,25.0,27.199,2.8
2023-07-03,1.0,27.172,2.8
2023-07-04,1.0,27.1451,2.8001
2023-07-05,3.0,27.1183,2.8003
2023-07-06,3.0,27.0917,2.8007
2023-07-07,0.0,27.0651,2.8011
2023-07-08,0.0,27.0387,2.8017
2023-07-09,2.0,27.0124,2.8024
2023-07-10,72.0,26.9863,2.8032
2023-07-11,21.0,26.9603,2.8041
2023-07-12,0.0,26.9345,2.8052
2023-07-13,5.0,26.9088,2.8064
2023-07-14,1.0,26.8833,2.8076
2023-07-15,1.0,26.858,2.809
2023-07-16,2.0,26.8329,2.8105
2023-07-17,1.0,26.808,2.8122
2023-07-18,0.0,26.7833,2.8139
2023-07-19,1.0,26.7588,2.8158
2023-07-20,0.0,26.7345,2.8177
2023-07-21,0.0,26.7104,2.8198
2023-07-22,9.0,26.6866,2.822
2023-07-23,1.0,26.663,2.8243
2023-07-24,0.0,26.6397,2.8267
2023-07-25,1.0,26.6166,2.8293
2023-07-26,13.0,26.5938,2.8319
2023-07-27,6.0,26.5712,2.8347
2023-07-28,23.0,26.549,2.8375
2023-07-29,63.0,26.527,2.8405
2023-07-30,43.0,26.5053,2.8435
2023-07-31,20.0,26.4839,2.8467
2023-08-01,0.0,26.4628,2.85
2023-08-02,1.0,26.442,2.8534
2023-08-03,2.0,26.4215,2.8569
2023-08-04,2.0,26.4013,2.8604
2023-08-05,23.0,26.3814,2.8641
2023-08-06,2.0,26.3619,2.8679
2023-08-07,6.0,26.3428,2.8718
2023-08-08,1.0,26.3239,2.8758
2023-08-09,3.0,26.3054,2.8799
2023-08-10,5.0,26.2873,2.884
2023-08-11,4.0,26.2695,2.8883
2023-08-12,5.0,26.2521,2.8927
2023-08-13,12.0,26.2351,2.8971
2023-08-14,1.0,26.2184,2.9017
2023-08-15,13.0,26.2021,2.9063
2023-08-16,11.0,26.1862,2.911
2023-08-17,6.0,26.1707,2.9158
2023-08-18,1.0,26.1556,2.9207
2023-08-19,19.0,26.1409,2.9256
2023-08-20,31.0,26.1265,2.9307
2023-08-21,7.0,26.1126,2.9358
2023-08-22,3.0,26.0991,2.941
2023-08-23,0.0,26.086,2.9463
2023-08-24,0.0,26.0734,2.9517
2023-08-25,0.0,26.0611,2.9571
2023-08-26,0.0,26.0493,2.9626
2023-08-27,0.0,26.0379,2.9682
2023-08-28,0.0,26.0269,2.9738
2023-08-29,0.0,26.0164,2.9795
2023-08-30,10.0,26.0063,2.9853
2023-08-31,2.0,25.9967,2.9911
2023-09-01,1.0,25.9875,2.997
2023-09-02,98.0,25.9787,3.003
2023-09-03,44.0,25.9704,3.009
2023-09-04,0.0,25.9626,3.0151
2023-09-05,1.0,25.9552,3.0212
2023-09-06,9.0,25.9482,3.0274
2023-09-07,9.0,25.9418,3.0336
2023-09-08,3.0,25.9357,3.0399
2023-09-09,36.0,25.9302,3.0462
2023-09-10,1.0,25.9251,3.0526
2023-09-11,0.0,25.9205,3.059
2023-09-12,19.0,25.9163,3.0655
2023-09-13,1.0,25.9126,3.072
2023-09-14,10.0,25.9094,3.0785
2023-09-15,8.0,25.9067,3.0851
2023-09-16,22.0,25.9044,3.0917
2023-09-17,1.0,25.9026,3.0983
2023-09-18,2.0,25.9013,3.105
2023-09-19,42.0,25.9004,3.1117
2023-09-20,26.0,25.9,3.1184
2023-09-21,38.0,25.9001,3.1252
2023-09-22,15.0,25.9007,3.132
2023-09-23,12.0,25.9017,3.1387
2023-09-24,18.0,25.9032,3.1456
2023-09-25,7.0,25.9052,3.1524
2023-09-26,0.0,25.9077,3.1592
2023-09-27,0.0,25.9106,3.1661
2023-09-28,0.0,25.914,3.1729
2023-09-29,0.0,25.9178,3.1798
2023-09-30,0.0,25.9222,3.1867
2023-10-01,3.0,25.927,3.1935
2023-10-02,21.0,25.9322,3.2004
2023-10-03,9.0,25.938,3.2073
2023-10-04,1.0,25.9442,3.2142
2023-10-05,0.0,25.9508,3.2211
2023-10-06,0.0,25.9579,3.2279
2023-10-07,1.0,25.9655,3.2348
2023-10-08,0.0,25.9735,3.2416
2023-10-09,0.0,25.982,3.2485
2023-10-10,0.0,25.9909,3.2553
2023-10-11,0.0,26.0003,3.2621
2023-10-12,0.0,26.0101,3.2689
2023-10-13,2.0,26.0203,3.2757
2023-10-14,2.0,26.031,3.2824
2023-10-15,2.0,26.0421,3.2891
2023-10-16,10.0,26.0537,3.2958
2023-10-17,0.0,26.0657,3.3025
2023-10-18,1.0,26.0781,3.3091
2023-10-19,0.0,26.0909,3.3157
2023-10-20,0.0,26.1042,3.3223
2023-10-21,12.0,26.1178,3.3288
2023-10-22,0.0,26.1319,3.3353
2023-10-23,0.0,26.1464,3.3418
2023-10-24,8.0,26.1612,3.3482
2023-10-25,22.0,26.1765,3.3546
2023-10-26,17.0,26.1922,3.3609
2023-10-27,4.0,26.2082,3.3672
2023-10-28,4.0,26.2247,3.3734
2023-10-29,3.0,26.2415,3.3796
2023-10-30,1.0,26.2586,3.3857
2023-10-31,3.0,26.2762,3.3918
2023-11-01,22.0,26.2941,3.3978
2023-11-02,64.0,26.3124,3.4037
2023-11-03,89.0,26.331,3.4096
2023-11-04,0.0,26.35,3.4154
2023-11-05,0.0,26.3693,3.4212
2023-11-06,20.0,26.3889,3.4269
2023-11-07,4.0,26.4089,3.4325
2023-11-08,9.0,26.4292,3.4381
2023-11-09,16.0,26.4498,3.4436
2023-11-10,4.0,26.4707,3.449
2023-11-11,2.0,26.4919,3.4544
2023-11-12,35.0,26.5134,3.4596
2023-11-13,0.0,26.5352,3.4648
2023-11-14,8.0,26.5573,3.4699
2023-11-15,6.0,26.5797,3.475
2023-11-16,84.0,26.6024,3.4799
2023-11-17,23.0,26.6253,3.4848
2023-11-18,39.0,26.6485,3.4896
2023-11-19,4.0,26.6719,3.4943
2023-11-20,0.0,26.6956,3.4989
2023-11-21,2.0,26.7195,3.5034
2023-11-22,2.0,26.7436,3.5079
2023-11-23,2.0,26.768,3.5122
2023-11-24,6.0,26.7926,3.5165
2023-11-25,8.0,26.8174,3.5206
2023-11-26,0.0,26.8423,3.5247
2023-11-27,0.0,26.8675,3.5287
2023-11-28,0.0,26.8929,3.5326
2023-11-29,2.0,26.9185,3.5363
2023-11-30,5.0,26.9442,3.54
2023-12-01,0.0,26.9701,3.5436
2023-12-02,1.0,26.9961,3.5471
2023-12-03,0.0,27.0223,3.5504
2023-12-04,0.0,27.0487,3.5537
2023-12-05,0.0,27.0751,3.5569
2023-12-06,0.0,27.1017,3.5599
2023-12-07,0.0,27.1284,3.5629
2023-12-08,0.0,27.1553,3.5657
2023-12-09,0.0,27.1822,3.5684
2023-12-10,0.0,27.2092,3.5711
2023-12-11,0.0,27.2363,3.5736
2023-12-12,0.0,27.2635,3.576
2023-12-13,0.0,27.2908,3.5783
2023-12-14,0.0,27.3181,3.5804
2023-12-15,0.0,27.3455,3.5825
2023-12-16,15.0,27.3729,3.5845
2023-12-17,0.0,27.4003,3.5863
2023-12-18,9.0,27.4278,3.588
2023-12-19,3.0,27.4553,3.5897
2023-12-20,0.0,27.4828,3.5912
2023-12-21,14.0,27.5104,3.5925
2023-12-22,15.0,27.5379,3.5938
2023-12-23,0.0,27.5654,3.5949
2023-12-24,5.0,27.5929,3.596
2023-12-25,11.0,27.6203,3.5969
2023-12-26,0.0,27.6478,3.5977
2023-12-27,22.0,27.6751,3.5984
2023-12-28,13.0,27.7025,3.5989
2023-12-29,1.0,27.7298,3.5994
2023-12-30,3.0,27.757,3.5997
2023-12-31,14.0,27.7841,3.5999
2024-01-01,41.0,27.8111,3.6
2024-01-02,6.0,27.8381,3.6
2024-01-03,2.0,27.8649,3.5998
2024-01-04,0.0,27.8917,3.5996
2024-01-05,0.0,27.9183,3.5992
2024-01-06,0.0,27.9448,3.5987
2024-01-07,0.0,27.9712,3.598
2024-01-08,0.0,27.9974,3.5973
2024-01-09,0.0,28.0235,3.5965
2024-01-10,0.0,28.0494,3.5955
2024-01-11,0.0,28.0752,3.5944
2024-01-12,0.0,28.1008,3.5932
2024-01-13,0.0,28.1262,3.5919
2024-01-14,0.0,28.1514,3.5904
2024-01-15,0.0,28.1765,3.5889
2024-01-16,0.0,28.2013,3.5872
2024-01-17,0.0,28.226,3.5854
2024-01-18,0.0,28.2504,3.5835
2024-01-19,0.0,28.2746,3.5815
2024-01-20,0.0,28.2985,3.5794
2024-01-21,0.0,28.3223,3.5771
2024-01-22,0.0,28.3458,3.5748
2024-01-23,0.0,28.369,3.5723
2024-01-24,0.0,28.392,3.5698
2024-01-25,1.0,28.4147,3.5671
2024-01-26,0.0,28.4371,3.5643
2024-01-27,1.0,28.4593,3.5614
2024-01-28,0.0,28.4812,3.5584
2024-01-29,1.0,28.5028,3.5553
2024-01-30,11.0,28.5241,3.5521
2024-01-31,13.0,28.5451,3.5488
2024-02-01,0.0,28.5658,3.5453
2024-02-02,0.0,28.5861,3.5418
2024-02-03,0.0,28.6062,3.5382
2024-02-04,0.0,28.6259,3.5345
2024-02-05,0.0,28.6453,3.5306
2024-02-06,2.0,28.6643,3.5267
2024-02-07,5.0,28.6831,3.5227
2024-02-08,0.0,28.7014,3.5186
2024-02-09,0.0,28.7194,3.5144
2024-02-10,2.0,28.737,3.5101
2024-02-11,0.0,28.7543,3.5057
2024-02-12,0.0,28.7712,3.5012
2024-02-13,0.0,28.7877,3.4966
2024-02-14,1.0,28.8039,3.492
2024-02-15,4.0,28.8196,3.4872
2024-02-16,0.0,28.835,3.4824
2024-02-17,0.0,28.85,3.4775
2024-02-18,0.0,28.8646,3.4725
2024-02-19,3.0,28.8787,3.4674
2024-02-20,0.0,28.8925,3.4622
2024-02-21,8.0,28.9058,3.457
2024-02-22,4.0,28.9188,3.4517
2024-02-23,0.0,28.9313,3.4463
2024-02-24,0.0,28.9434,3.4409
2024-02-25,12.0,28.955,3.4353
2024-02-26,11.0,28.9663,3.4297
2024-02-27,0.0,28.9771,3.4241
2024-02-28,2.0,28.9874,3.4183
2024-02-29,1.0,28.9973,3.4125
2024-03-01,1.0,29.0068,3.4067
2024-03-02,0.0,29.0159,3.4007
2024-03-03,0.0,29.0244,3.3948
2024-03-04,0.0,29.0326,3.3887
2024-03-05,0.0,29.0403,3.3826
2024-03-06,0.0,29.0475,3.3765
2024-03-07,0.0,29.0542,3.3703
2024-03-08,0.0,29.0605,3.364
2024-03-09,0.0,29.0664,3.3577
2024-03-10,0.0,29.0718,3.3514
2024-03-11,0.0,29.0767,3.345
2024-03-12,6.0,29.0811,3.3386
2024-03-13,1.0,29.0851,3.3321
2024-03-14,0.0,29.0886,3.3256
2024-03-15,0.0,29.0917,3.319
2024-03-16,0.0,29.0942,3.3124
2024-03-17,0.0,29.0963,3.3058
2024-03-18,1.0,29.098,3.2992
2024-03-19,3.0,29.0991,3.2925
2024-03-20,59.0,29.0998,3.2858
2024-03-21,0.0,29.1,3.279
2024-03-22,0.0,29.0997,3.2723
2024-03-23,0.0,29.099,3.2655
2024-03-24,0.0,29.0978,3.2587
2024-03-25,0.0,29.0961,3.2519
2024-03-26,0.0,29.0939,3.2451
2024-03-27,0.0,29.0913,3.2382
2024-03-28,0.0,29.0882,3.2314
2024-03-29,0.0,29.0846,3.2245
2024-03-30,0.0,29.0806,3.2176
2024-03-31,0.0,29.0761,3.2108
2024-04-01,5.0,29.0711,3.2039
2024-04-02,0.0,29.0657,3.197
2024-04-03,0.0,29.0598,3.1901
2024-04-04,1.0,29.0534,3.1832
2024-04-05,15.0,29.0466,3.1764
2024-04-06,2.0,29.0393,3.1695
2024-04-07,0.0,29.0316,3.1626
2024-04-08,0.0,29.0234,3.1558
2024-04-09,0.0,29.0147,3.149
2024-04-10,0.0,29.0056,3.1421
2024-04-11,0.0,28.9961,3.1353
2024-04-12,1.0,28.9861,3.1286
2024-04-13,0.0,28.9757,3.1218
2024-04-14,0.0,28.9649,3.1151
2024-04-15,0.0,28.9536,3.1084
2024-04-16,1.0,28.9419,3.1017
2024-04-17,0.0,28.9297,3.095
2024-04-18,6.0,28.9171,3.0884
2024-04-19,0.0,28.9042,3.0818
2024-04-20,0.0,28.8908,3.0752
2024-04-21,0.0,28.8769,3.0687
2024-04-22,1.0,28.8627,3.0622
2024-04-23,7.0,28.8481,3.0558
2024-04-24,7.0,28.8331,3.0494
2024-04-25,27.0,28.8177,3.0431
2024-04-26,12.0,28.8018,3.0368
2024-04-27,2.0,28.7857,3.0305
2024-04-28,16.0,28.7691,3.0243
2024-04-29,8.0,28.7521,3.0181
2024-04-30,6.0,28.7348,3.012
2024-05-01,1.0,28.7171,3.006
2024-05-02,0.0,28.6991,3.0
2024-05-03,0.0,28.6807,2.9941
2024-05-04,0.0,28.6619,2.9882
2024-05-05,0.0,28.6428,2.9824
2024-05-06,0.0,28.6234,2.9767
2024-05-07,3.0,28.6036,2.971
2024-05-08,14.0,28.5836,2.9654
2024-05-09,0.0,28.5631,2.9598
2024-05-10,0.0,28.5424,2.9544
2024-05-11,16.0,28.5214,2.949
2024-05-12,0.0,28.5001,2.9437
2024-05-13,0.0,28.4784,2.9384
2024-05-14,48.0,28.4565,2.9332
2024-05-15,0.0,,
2024-05-16,1.0,,
2024-05-17,0.0,,
2024-05-18,12.0,,
2024-05-19,0.0,,
2024-05-20,74.0,,
2024-05-21,10.0,,
2024-05-22,1.0,,
2024-05-23,0.0,,
2024-05-24,13.0,,
2024-05-25,27.0,,
2024-05-26,28.0,,
2024-05-27,38.0,,
2024-05-28,11.0,,
2024-05-29,3.0,,
2024-05-30,48.0,,
2024-05-31,1.0,,
2024-06-01,8.0,,
2024-06-02,0.0,,
2024-06-03,11.0,,
2024-06-04,49.0,,
2024-06-05,5.0,,
2024-06-06,1.0,,
2024-06-07,12.0,,
2024-06-08,0.0,,
2024-06-09,0.0,,
2024-06-10,9.0,,
2024-06-11,18.0,,
2024-06-12,1.0,,
2024-06-13,11.0,,
2024-06-14,2.0,,
2024-06-15,0.0,,
2024-06-16,0.0,,
2024-06-17,0.0,,
2024-06-18,4.0,,
2024-06-19,80.0,,
2024-06-20,29.0,,
2024-06-21,1.0,,
2024-06-22,76.0,,
2024-06-23,0.0,,
2024-06-24,0.0,,
2024-06-25,53.0,,
2024-06-26,12.0,,
2024-06-27,0.0,,
2024-06-28,0.0,,
2024-06-29,0.0,,
2024-06-30,2.0,,
2024-07-01,11.0,,
2024-07-02,10.0,,
2024-07-03,3.0,,
2024-07-04,4.0,,
2024-07-05,10.0,,
2024-07-06,0.0,,
2024-07-07,0.0,,
2024-07-08,1.0,,
2024-07-09,5.0,,
2024-07-10,37.0,,
2024-07-11,1.0,,
2024-07-12,0.0,,
2024-07-13,1.0,,
2024-07-14,31.0,,
2024-07-15,4.0,,
2024-07-16,1.0,,
2024-07-17,40.0,,
2024-07-18,4.0,,
2024-07-19,0.0,,
2024-07-20,0.0,,
2024-07-21,33.0,,
2024-07-22,1.0,,
2024-07-23,18.0,,
2024-07-24,1.0,,
2024-07-25,16.0,,
2024-07-26,1.0,,
2024-07-27,0.0,,
2024-07-28,3.0,,
2024-07-29,2.0,,
2024-07-30,3.0,,
2024-07-31,19.0,,
2024-08-01,15.0,,
2024-08-02,0.0,,
2024-08-03,19.0,,
2024-08-04,0.0,,
2024-08-05,19.0,,
2024-08-06,56.0,,
2024-08-07,1.0,,
2024-08-08,0.0,,
2024-08-09,11.0,,
2024-08-10,8.0,,
2024-08-11,5.0,,
2024-08-12,1.0,,
2024-08-13,3.0,,
2024-08-14,18.0,,
2024-08-15,17.0,,
2024-08-16,13.0,,
2024-08-17,18.0,,
2024-08-18,10.0,,
2024-08-19,4.0,,
2024-08-20,4.0,,
2024-08-21,28.0,,
2024-08-22,7.0,,
2024-08-23,6.0,,
2024-08-24,4.0,,
2024-08-25,4.0,,
2024-08-26,3.0,,
2024-08-27,3.0,,
2024-08-28,3.0,,
2024-08-29,2.0,,
2024-08-30,2.0,,
2024-08-31,2.0,,
2024-09-01,1.0,,
2024-09-02,2.0,,
2024-09-03,1.0,,
2024-09-04,2.0,,
2024-09-05,6.0,,
2024-09-06,1.0,,
2024-09-07,31.0,,
2024-09-08,1.0,,
2024-09-09,1.0,,
2024-09-10,0.0,,
2024-09-11,2.0,,
2024-09-12,20.0,,
2024-09-13,0.0,,
2024-09-14,0.0,,
2024-09-15,11.0,,
2024-09-16,11.0,,
2024-09-17,5.0,,
2024-09-18,0.0,,
2024-09-19,13.0,,
2024-09-20,1.0,,
2024-09-21,1.0,,
2024-09-22,0.0,,
2024-09-23,39.0,,
2024-09-24,0.0,,
2024-09-25,0.0,,
2024-09-26,0.0,,
2024-09-27,2.0,,
2024-09-28,6.0,,
2024-09-29,0.0,,
2024-09-30,17.0,,
2024-10-01,1.0,,
2024-10-02,0.0,,
2024-10-03,0.0,,
2024-10-04,5.0,,
2024-10-05,0.0,,
2024-10-06,12.0,,
2024-10-07,0.0,,
2024-10-08,2.0,,
2024-10-09,3.0,,
2024-10-10,3.0,,
2024-10-11,30.0,,
2024-10-12,1.0,,
2024-10-13,2.0,,
2024-10-14,8.0,,
2024-10-15,57.0,,
2024-10-16,4.0,,
2024-10-17,4.0,,
2024-10-18,0.0,,
2024-10-19,67.0,,
2024-10-20,60.0,,
2024-10-21,36.0,,
2024-10-22,3.0,,
2024-10-23,0.0,,
2024-10-24,17.0,,
2024-10-25,32.0,,
2024-10-26,81.0,,
2024-10-27,50.0,,
2024-10-28,8.0,,
2024-10-29,8.0,,
2024-10-30,2.0,,
2024-10-31,48.0,,
2024-11-01,7.0,,
2024-11-02,27.0,,
2024-11-03,1.0,,
2024-11-04,74.0,,
2024-11-05,0.0,,
2024-11-06,0.0,,
2024-11-07,0.0,,
2024-11-08,54.0,,
2024-11-09,3.0,,
2024-11-10,22.0,,
2024-11-11,0.0,,
2024-11-12,2.0,,
2024-11-13,2.0,,
2024-11-14,0.0,,
2024-11-15,0.0,,
2024-11-16,0.0,,
2024-11-17,0.0,,
2024-11-18,4.0,,
2024-11-19,7.0,,
2024-11-20,34.0,,
2024-11-21,5.0,,
2024-11-22,105.0,,
2024-11-23,19.0,,
2024-11-24,5.0,,
2024-11-25,0.0,,
2024-11-26,27.0,,
2024-11-27,36.0,,
2024-11-28,3.0,,
2024-11-29,0.0,,
2024-11-30,18.0,,
2024-12-01,7.0,,
2024-12-02,17.0,,
2024-12-03,6.0,,
2024-12-04,3.0,,
2024-12-05,2.0,,
2024-12-06,3.0,,
2024-12-07,2.0,,
2024-12-08,2.0,,
2024-12-09,2.0,,
2024-12-10,1.0,,
2024-12-11,2.0,,
2024-12-12,8.0,,
2024-12-13,1.0,,
2024-12-14,1.0,,
2024-12-15,60.0,,
2024-12-16,12.0,,
2024-12-17,2.0,,
2024-12-18,0.0,,
2024-12-19,1.0,,
2024-12-20,1.0,,
2024-12-21,30.0,,
2024-12-22,33.0,,
2024-12-23,32.0,,
2024-12-24,1.0,,
2024-12-25,0.0,,
2024-12-26,0.0,,
2024-12-27,1.0,,
2024-12-28,0.0,,
2024-12-29,10.0,,
2024-12-30,0.0,,
2024-12-31,0.0,,
2025-01-01,26.0,,
2025-01-02,24.0,,
2025-01-03,22.0,,
2025-01-04,37.0,,
2025-01-05,36.0,,
2025-01-06,18.0,,
2025-01-07,1.0,,
2025-01-08,6.0,,
2025-01-09,10.0,,
2025-01-10,6.0,,
2025-01-11,0.0,,
2025-01-12,0.0,,
2025-01-13,0.0,,
2025-01-14,1.0,,
2025-01-15,0.0,,
2025-01-16,0.0,,
2025-01-17,4.0,,
2025-01-18,1.0,,
2025-01-19,0.0,,
2025-01-20,2.0,,
2025-01-21,0.0,,
2025-01-22,0.0,,
2025-01-23,0.0,,
2025-01-24,1.0,,
2025-01-25,0.0,,
2025-01-26,2.0,,
2025-01-27,0.0,,
2025-01-28,1.0,,
2025-01-29,0.0,,
2025-01-30,0.0,,
2025-01-31,0.0,,
2025-02-01,0.0,,
2025-02-02,2.0,,
2025-02-03,0.0,,
2025-02-04,2.0,,
2025-02-05,2.0,,
2025-02-06,1.0,,
2025-02-07,0.0,,
2025-02-08,1.0,,
2025-02-09,1.0,,
2025-02-10,1.0,,
2025-02-11,1.0,,
2025-02-12,1.0,,
2025-02-13,14.0,,
2025-02-14,1.0,,
2025-02-15,0.0,,
2025-02-16,0.0,,
2025-02-17,0.0,,
2025-02-18,0.0,,
2025-02-19,0.0,,
2025-02-20,6.0,,
2025-02-21,0.0,,
2025-02-22,3.0,,
2025-02-23,0.0,,
2025-02-24,0.0,,
2025-02-25,0.0,,
2025-02-26,0.0,,
2025-02-27,19.0,,
2025-02-28,0.0,,
2025-03-01,0.0,,
2025-03-02,1.0,,
2025-03-03,0.0,,
2025-03-04,0.0,,
2025-03-05,0.0,,
2025-03-06,0.0,,
2025-03-07,0.0,,
2025-03-08,0.0,,
2025-03-09,0.0,,
2025-03-10,0.0,,
2025-03-11,0.0,,
2025-03-12,0.0,,
2025-03-13,0.0,,
2025-03-14,0.0,,
2025-03-15,0.0,,
2025-03-16,0.0,,
2025-03-17,0.0,,
2025-03-18,0.0,,
2025-03-19,0.0,,
2025-03-20,0.0,,
2025-03-21,50.0,,
2025-03-22,9.0,,
2025-03-23,2.0,,
2025-03-24,0.0,,
2025-03-25,0.0,,
2025-03-26,0.0,,
2025-03-27,0.0,,
2025-03-28,0.0,,
2025-03-29,0.0,,
2025-03-30,8.0,,
2025-03-31,0.0,,
2025-04-01,0.0,,
2025-04-02,0.0,,
2025-04-03,24.0,,
2025-04-04,15.0,,
2025-04-05,0.0,,
2025-04-06,0.0,,
2025-04-07,0.0,,
2025-04-08,15.0,,
2025-04-09,0.0,,
2025-04-10,16.0,,
2025-04-11,1.0,,
2025-04-12,8.0,,
2025-04-13,8.0,,
2025-04-14,1.0,,
2025-04-15,0.0,,
2025-04-16,0.0,,
2025-04-17,1.0,,
2025-04-18,2.0,,
2025-04-19,0.0,,
2025-04-20,0.0,,
2025-04-21,1.0,,
2025-04-22,54.0,,
2025-04-23,1.0,,
2025-04-24,0.0,,
2025-04-25,0.0,,
2025-04-26,2.0,,
2025-04-27,59.0,,
2025-04-28,23.0,,
2025-04-29,30.0,,
2025-04-30,27.0,,
2025-05-01,7.0,,
2025-05-02,5.0,,
2025-05-03,0.0,,
2025-05-04,1.0,,
2025-05-05,21.0,,
2025-05-06,35.0,,
2025-05-07,1.0,,
2025-05-08,6.0,,
2025-05-09,0.0,,
2025-05-10,2.0,,
2025-05-11,3.0,,
2025-05-12,0.0,,
2025-05-13,0.0,,
2025-05-14,42.0,,
2025-05-15,4.0,,
2025-05-16,2.0,,
2025-05-17,7.0,,
2025-05-18,32.0,,
2025-05-19,3.0,,
2025-05-20,0.0,,
2025-05-21,0.0,,
2025-05-22,2.0,,
2025-05-23,4.0,,
2025-05-24,5.0,,
2025-05-25,74.0,,
2025-05-26,16.0,,
2025-05-27,4.0,,
2025-05-28,3.0,,
2025-05-29,1.0,,
2025-05-30,9.0,,
2025-05-31,3.0,,
2025-06-01,0.0,,
2025-06-02,0.0,,
2025-06-03,2.0,,
2025-06-04,3.0,,
2025-06-05,3.0,,
2025-06-06,1.0,,
2025-06-07,5.0,,
2025-06-08,10.0,,
2025-06-09,60.0,,
2025-06-10,3.0,,
2025-06-11,2.0,,
2025-06-12,2.0,,
2025-06-13,1.0,,
2025-06-14,2.0,,
2025-06-15,1.0,,
2025-06-16,1.0,,
2025-06-17,2.0,,
2025-06-18,1.0,,
2025-06-19,5.0,,
2025-06-20,2.0,,
2025-06-21,18.0,,
2025-06-22,54.0,,
2025-06-23,4.0,,
2025-06-24,5.0,,
2025-06-25,8.0,,
2025-06-26,1.0,,
2025-06-27,36.0,,
2025-06-28,5.0,,
2025-06-29,8.0,,
2025-06-30,4.0,,
2025-07-01,1.0,,
2025-07-02,1.0,,
2025-07-03,8.0,,
2025-07-04,11.0,,
2025-07-05,0.0,,
2025-07-06,0.0,,
2025-07-07,3.0,,
2025-07-08,1.0,,
2025-07-09,14.0,,
2025-07-10,22.0,,
2025-07-11,1.0,,
2025-07-12,11.0,,
2025-07-13,0.0,,
2025-07-14,0.0,,
2025-07-15,3.0,,
2025-07-16,1.0,,
2025-07-17,0.0,,
2025-07-18,0.0,,
2025-07-19,16.0,,
2025-07-20,1.0,,
2025-07-21,21.0,,
2025-07-22,14.0,,
2025-07-23,35.0,,
2025-07-24,3.0,,
2025-07-25,16.0,,
2025-07-26,21.0,,
2025-07-27,1.0,,
2025-07-28,6.0,,
2025-07-29,4.0,,
2025-07-30,40.0,,
2025-07-31,0.0,,
2025-08-01,4.0,,
2025-08-02,4.0,,
2025-08-03,48.0,,
2025-08-04,2.0,,
2025-08-05,0.0,,
2025-08-06,9.0,,
2025-08-07,2.0,,
2025-08-08,2.0,,
2025-08-09,1.0,,
2025-08-10,2.0,,
2025-08-11,1.0,,
2025-08-12,1.0,,
2025-08-13,1.0,,
2025-08-14,2.0,,
2025-08-15,1.0,,
2025-08-16,24.0,,
2025-08-17,4.0,,
2025-08-18,0.0,,
2025-08-19,1.0,,
2025-08-20,8.0,,
2025-08-21,47.0,,
2025-08-22,0.0,,
2025-08-23,0.0,,
2025-08-24,0.0,,
2025-08-25,10.0,,
2025-08-26,8.0,,
2025-08-27,3.0,,
2025-08-28,3.0,,
2025-08-29,1.0,,
2025-08-30,2.0,,
2025-08-31,14.0,,
2025-09-01,0.0,,
2025-09-02,11.0,,
2025-09-03,1.0,,
2025-09-04,15.0,,
2025-09-05,58.0,,
2025-09-06,1.0,,
2025-09-07,0.0,,
2025-09-08,0.0,,
2025-09-09,0.0,,
2025-09-10,8.0,,
2025-09-11,3.0,,
2025-09-12,3.0,,
2025-09-13,1.0,,
2025-09-14,23.0,,
2025-09-15,9.0,,
2025-09-16,9.0,,
2025-09-17,0.0,,
2025-09-18,0.0,,
2025-09-19,21.0,,
2025-09-20,0.0,,
2025-09-21,0.0,,
2025-09-22,1.0,,
2025-09-23,4.0,,
2025-09-24,7.0,,
2025-09-25,20.0,,
2025-09-26,0.0,,
2025-09-27,0.0,,
2025-09-28,0.0,,
2025-09-29,0.0,,
2025-09-30,1.0,,
2025-10-01,2.0,,
2025-10-02,0.0,,
2025-10-03,0.0,,
2025-10-04,0.0,,
2025-10-05,0.0,,
2025-10-06,4.0,,
2025-10-07,3.0,,
2025-10-08,1.0,,
2025-10-09,13.0,,
2025-10-10,0.0,,
2025-10-11,0.0,,
2025-10-12,0.0,,
2025-10-13,0.0,,
2025-10-14,0.0,,
2025-10-15,1.0,,
2025-10-16,0.0,,
2025-10-17,0.0,,
2025-10-18,0.0,,
2025-10-19,0.0,,
2025-10-20,14.0,,
2025-10-21,1.0,,
2025-10-22,1.0,,
2025-10-23,62.0,,
2025-10-24,0.0,,
2025-10-25,11.0,,
2025-10-26,18.0,,
2025-10-27,25.0,,
2025-10-28,11.0,,
2025-10-29,22.0,,
2025-10-30,102.0,,
2025-10-31,7.0,,
2025-11-01,27.0,,
2025-11-02,63.0,,
2025-11-03,23.0,,
2025-11-04,23.0,,
2025-11-05,19.0,,
2025-11-06,0.0,,
2025-11-07,5.0,,
2025-11-08,6.0,,
2025-11-09,38.0,,
2025-11-10,17.0,,
2025-11-11,45.0,,
2025-11-12,2.0,,
2025-11-13,17.0,,
2025-11-14,18.0,,
2025-11-15,13.0,,
2025-11-16,14.0,,
2025-11-17,7.0,,
2025-11-18,35.0,,
2025-11-19,284.0,,
2025-11-20,19.0,,
2025-11-21,5.0,,
2025-11-22,2.0,,
2025-11-23,2.0,,
2025-11-24,22.0,,
2025-11-25,29.0,,
2025-11-26,15.0,,
2025-11-27,70.0,,
2025-11-28,66.0,,
2025-11-29,75.0,,
2025-11-30,14.0,,
2025-12-01,18.0,,
2025-12-02,33.0,,
2025-12-03,0.0,,
2025-12-04,1.0,,
2025-12-05,0.0,,
2025-12-06,0.0,,
2025-12-07,0.0,,
2025-12-08,12.0,,
2025-12-09,30.0,,
2025-12-10,20.0,,
2025-12-11,0.0,,
2025-12-12,73.0,,
2025-12-13,0.0,,
2025-12-14,0.0,,
2025-12-15,5.0,,
2025-12-16,6.0,,
2025-12-17,1.0,,
2025-12-18,20.0,,
2025-12-19,41.0,,
2025-12-20,0.0,,
2025-12-21,7.0,,
2025-12-22,2.0,,
2025-12-23,2.0,,
2025-12-24,0.0,,
2025-12-25,1.0,,
2025-12-26,0.0,,
2025-12-27,0.0,,
2025-12-28,0.0,,
2025-12-29,0.0,,
2025-12-30,4.0,,
2025-12-31,1.0,,
2026-01-01,109.0,,
2026-01-02,4.0,,
2026-01-03,9.0,,
2026-01-04,0.0,,
2026-01-05,0.0,,
2026-01-06,0.0,,
2026-01-07,21.0,,
2026-01-08,1.0,,
2026-01-09,7.0,,
2026-01-10,1.0,,
2026-01-11,5.0,,
2026-01-12,1.0,,
2026-01-13,45.0,,
2026-01-14,0.0,,
2026-01-15,43.0,,
2026-01-16,18.0,,
2026-01-17,3.0,,
2026-01-18,0.0,,
2026-01-19,1.0,,
2026-01-20,0.0,,
2026-01-21,1.0,,
2026-01-22,6.0,,
2026-01-23,0.0,,
2026-01-24,2.0,,
2026-01-25,0.0,,
2026-01-26,0.0,,
2026-01-27,0.0,,
2026-01-28,0.0,,
2026-01-29,0.0,,
2026-01-30,0.0,,
2026-01-31,0.0,,
2026-02-01,0.0,,
2026-02-02,4.0,,
2026-02-03,0.0,,
2026-02-04,12.0,,
2026-02-05,30.0,,
2026-02-06,121.0,,
2026-02-07,15.0,,
2026-02-08,19.0,,
2026-02-09,2.0,,
2026-02-10,1.0,,
2026-02-11,2.0,,
2026-02-12,0.0,,
2026-02-13,1.0,,
2026-02-14,0.0,,
2026-02-15,0.0,,
2026-02-16,0.0,,
2026-02-17,17.0,,
2026-02-18,18.0,,
2026-02-19,0.0,,
2026-02-20,5.0,,
